time,open,high,low,close,volume,MA_10,MA_20,RSI_14,MACD,MACD_signal,BB_high,BB_low,target
2022-12-29,46.92,47.23,46.74,46.74,656647,47.184000000000005,47.2485,52.65348713293197,0.5418624591810968,0.7355214319690568,48.054633363656315,46.442366636343685,1
2022-12-30,46.74,47.17,46.61,47.17,629719,47.123000000000005,47.2335,56.1033480602809,0.5124509965379715,0.6909073448828398,48.03373184140588,46.43326815859412,1
2023-01-03,47.17,49.07,47.1,49.07,1538861,47.332,47.285999999999994,67.40485460966327,0.635134881970977,0.6797528523004672,48.37235905666581,46.19964094333418,0
2023-01-04,49.56,49.68,48.64,49.07,796544,47.541000000000004,47.409,67.40485460966327,0.7240167308775085,0.6886056280158755,48.699269739240535,46.11873026075946,1
2023-01-05,49.19,49.99,49.19,49.44,1014719,47.75,47.535000000000004,69.19599496688534,0.8149182736860183,0.7138681571499041,49.07722566442134,45.992774335578666,0
2023-01-06,49.31,49.74,49.19,49.25,721096,47.94,47.636,67.15522950918336,0.861693918066635,0.7434333093332504,49.34107947028866,45.930920529711344,0
2023-01-09,49.37,49.62,49.01,49.25,520315,48.081,47.706500000000005,67.15522950918336,0.888521628985167,0.7724509732636338,49.55043356713301,45.862566432867,1
2023-01-10,49.5,49.86,49.19,49.31,754254,48.326,47.810500000000005,67.50620723758763,0.9042012129927315,0.7988010212094534,49.76642919094733,45.85457080905268,1
2023-01-11,49.31,50.05,49.31,49.62,1078639,48.596000000000004,47.924,69.32978891173316,0.930910844759417,0.8252229859194462,50.01841543157032,45.82958456842968,0
2023-01-12,49.68,49.99,49.19,49.5,544065,48.842,48.059000000000005,67.74487565358501,0.931655874265978,0.8465095635887526,50.193890161108975,45.924109838891034,0
2023-01-13,49.37,49.8,49.07,49.07,629501,49.075,48.12949999999999,62.25303366325111,0.8873204315800507,0.8546717371870123,50.299859186862825,45.95914081313716,1
2023-01-16,49.13,49.68,48.88,49.56,576876,49.314,48.2185,65.66847611588298,0.8815610912240643,0.8600496079944228,50.46874687534499,45.96825312465501,1
2023-01-17,49.8,50.29,49.68,50.29,980634,49.436,48.384,70.02058310639124,0.9252361255181114,0.8730869114991605,50.730379338470215,46.037620661529786,1
2023-01-18,50.36,51.15,50.17,51.15,956810,49.644,48.592499999999994,74.17415141599412,1.0175144444035453,0.9019724180800376,51.135630944328256,46.04936905567173,1
2023-01-19,50.91,51.64,50.85,51.46,1329468,49.846,48.798,75.49225475161535,1.1029460111154634,0.9421671366871227,51.5610316682948,46.0349683317052,1
2023-01-27,51.58,52.44,51.52,51.52,1145253,50.073,49.0065,75.75022922598681,1.16209671425311,0.9861530522003202,51.925912783420664,46.08708721657934,0
2023-01-30,51.64,51.77,51.34,51.34,893299,50.282,49.1815,73.25885235713106,1.1808376159791507,1.0250899649560865,52.217512351753534,46.145487648246466,0
2023-01-31,51.21,51.34,50.11,51.21,1531495,50.472,49.399,71.43158829010716,1.1716934493430955,1.0544106618334883,52.36096488838069,46.43703511161931,0
2023-02-01,51.52,51.52,50.17,50.29,1051061,50.539,49.5675,60.02176046862306,1.077786270932016,1.059085783653194,52.322378400220245,46.81262159977976,0
2023-02-02,50.36,50.54,49.86,50.23,1327690,50.612,49.727,59.35587338609564,0.9871434813400768,1.0446973231905705,52.236526648593326,47.21747335140667,0
2023-02-03,50.29,50.29,49.13,49.13,1730152,50.618,49.8465,48.69077903079438,0.8171282646359614,0.9991835114796488,51.974280768782364,47.718719231217634,1
2023-02-06,49.07,50.05,48.88,49.37,946115,50.599000000000004,49.9565,50.76923499036273,0.6937587556554021,0.9380985603147994,51.714831879936234,48.19816812006376,1
2023-02-07,49.37,50.23,49.37,49.5,752838,50.519999999999996,49.978,51.90569933290201,0.5995660206346685,0.8703920523787734,51.702640252342526,48.25335974765748,1
2023-02-08,49.56,50.11,49.44,49.8,671553,50.385000000000005,50.0145,54.51514710986398,0.5428672564943895,0.8048870932018966,51.69095429403849,48.338045705961505,0
2023-02-09,49.68,50.05,49.5,49.5,743939,50.18900000000001,50.0175,51.505645936057086,0.4683270024643207,0.7375750750543815,51.690041479306295,48.3449585206937,0
2023-02-10,49.74,49.8,49.37,49.5,725810,49.987,50.029999999999994,51.505645936057086,0.40458945868048346,0.670977951779602,51.68303357497665,48.37696642502334,0
2023-02-13,49.5,49.8,49.07,49.5,614692,49.803000000000004,50.0425,51.505645936057086,0.35004193054578536,0.6067907475328387,51.67540997914769,48.409590020852306,1
2023-02-14,49.5,49.68,49.19,49.56,621417,49.638,50.055,52.165282300968194,0.30810250616053025,0.5470530992583771,51.669007434927146,48.440992565072854,1
2023-02-15,49.37,50.23,49.25,50.05,646219,49.614,50.076499999999996,57.27634620422393,0.31082116219874933,0.4998067118464516,51.678165071105724,48.47483492889427,0
2023-02-16,50.05,50.29,49.5,50.05,425495,49.596,50.104,57.27634620422393,0.30940904186175544,0.4617271778495124,51.683865817087046,48.52413418291295,0
2023-02-17,49.8,50.05,49.68,50.05,468845,49.688,50.153,57.27634620422393,0.3047766508072769,0.43033707244106534,51.660688296698,48.645311703302,1
2023-02-20,50.05,50.91,49.93,50.78,1277504,49.82899999999999,50.214,64.36175939406365,0.3559076646442847,0.41545119088170923,51.71950190966339,48.708498090336604,0
2023-02-21,50.78,51.34,50.66,50.78,841841,49.957,50.2385,64.36175939406365,0.3919116479679303,0.4107432822989535,51.76396746933526,48.71303253066474,0
2023-02-22,50.48,50.6,50.17,50.17,748561,49.994,50.189499999999995,55.44980139817396,0.3669926987432319,0.40199316558780923,51.65654430744273,48.72245569255726,0
2023-02-23,50.11,50.11,49.44,49.93,1161953,50.037,50.113,52.37688343162419,0.32414175335357953,0.3864228831409633,51.46186767327271,48.76413232672729,0
2023-02-24,49.74,49.86,49.31,49.56,559986,50.04299999999999,50.015,47.96382249391121,0.2573594827109389,0.3606102030549584,51.217605504727175,48.81239449527283,0
2023-02-27,49.07,49.37,49.01,49.25,1016698,50.017999999999994,49.9105,44.57509097091368,0.17737497456972307,0.32396315735791137,50.99147132246887,48.82952867753113,1
2023-02-28,49.07,49.5,48.76,49.37,525466,49.998999999999995,49.8185,46.16080961213975,0.12226033172893835,0.2836225922321168,50.74334106742731,48.89365893257269,0
2023-03-01,48.76,49.37,48.27,49.37,1377551,49.931,49.7725,46.16080961213975,0.07768606361460684,0.2424352865086148,50.69045152377458,48.854548476225425,0
2023-03-02,49.07,49.37,48.94,49.07,431732,49.833,49.7145,42.624954606816075,0.01794626878297123,0.19753748296348608,50.65578582269153,48.773214177308475,0
2023-03-03,48.64,49.07,48.15,48.15,741791,49.643,49.665499999999994,34.019082577678844,-0.10245324305129344,0.13753933776053018,50.80463080899431,48.52636919100568,0
2023-03-06,47.9,48.94,47.9,47.96,818674,49.361000000000004,49.595,32.55714855782239,-0.21077248174707108,0.06787697385900993,50.952210374260396,48.2377896257396,1
2023-03-07,48.52,49.01,48.33,48.33,793553,49.116,49.536500000000004,38.13283328465379,-0.26372034703012304,0.0015575096811833375,51.00161808397823,48.07138191602178,1
2023-03-08,48.15,48.76,48.15,48.76,511968,48.975,49.484500000000004,43.93397489714561,-0.26789636288403074,-0.05233326483185948,50.98198422362309,47.98701577637692,1
2023-03-09,48.76,49.5,48.58,49.44,641624,48.926,49.4815,51.65430987534987,-0.21387020592758432,-0.08464065305100446,50.979088394719994,47.98391160528,0
2023-03-10,49.19,49.31,48.45,48.76,641543,48.846,49.4445,44.98355697182595,-0.2233497672189486,-0.1123824758845933,50.9746434573268,47.9143565426732,0
2023-03-13,47.9,48.7,47.9,48.39,887883,48.760000000000005,49.388999999999996,41.818955901486994,-0.25774714695184286,-0.14145541009804322,50.986121160087734,47.79187883991226,0
2023-03-14,48.45,48.52,48.15,48.27,428257,48.65,49.3245,40.816049618887824,-0.2913320211362844,-0.17143073230569145,50.99145500839104,47.65754499160896,1
2023-03-15,48.52,49.37,48.52,49.37,693264,48.65,49.2905,52.14544157361973,-0.22657564596868696,-0.18245971503829056,50.92428670578506,47.656713294214946,0
2023-03-16,49.07,49.07,48.09,48.58,850831,48.601,49.217,45.42070046789215,-0.23627847857563467,-0.1932234677457594,50.83972733384262,47.59427266615738,0
2023-03-17,48.82,49.07,48.21,48.45,430362,48.631,49.137,44.40585389425128,-0.25155815109017965,-0.20489040441464346,50.74526739070341,47.52873260929659,0
2023-03-20,48.52,48.64,47.6,47.6,771192,48.595,48.978,38.369280630245015,-0.32846891273445067,-0.22960610607860493,50.532986816664355,47.42301318333565,1
2023-03-21,48.21,48.27,47.29,47.9,537316,48.55200000000001,48.834,41.397275068219564,-0.3610517725670448,-0.2558952393762929,50.21892454668112,47.44907545331888,1
2023-03-22,47.96,48.21,47.6,48.15,611402,48.491,48.733,43.872075901125555,-0.3625220841445298,-0.2772206083299403,50.00335585565615,47.46264414434384,0
2023-03-23,48.09,48.15,47.6,47.84,357327,48.331,48.6285,41.53005218590051,-0.3842720765867753,-0.29863090198130726,49.82977057734711,47.42722942265289,1
2023-03-24,48.02,48.33,47.84,48.21,367884,48.275999999999996,48.56099999999999,45.284436233728776,-0.36741783047642684,-0.3123882876803312,49.695158719051186,47.4268412809488,1
2023-03-27,48.39,48.58,48.15,48.52,768784,48.289,48.5245,48.28085155115745,-0.32529649428767726,-0.31496992900180043,49.61371026436581,47.4352897356342,1
2023-03-28,48.58,48.58,47.53,48.58,1001517,48.32000000000001,48.485,48.864548555551224,-0.28380204007384435,-0.30873635121620924,49.50371487669506,47.46628512330494,0
2023-03-29,48.58,48.64,48.21,48.45,405351,48.228,48.439,47.61077772985878,-0.25842829913623433,-0.2986747408002143,49.373299737771454,47.504700262228546,1
2023-03-30,48.45,48.64,48.33,48.52,409438,48.222,48.411500000000004,48.37883123146874,-0.23001949014937395,-0.2849436906700462,49.3012027593527,47.52179724064731,0
2023-03-31,48.52,48.76,48.45,48.52,672646,48.229,48.43,48.378831231468745,-0.20514057153973653,-0.2689830668439843,49.31254178371327,47.54745821628673,1
2023-04-03,48.7,49.62,48.52,49.62,1172390,48.431,48.513,59.26314457112271,-0.095561469249688,-0.23429874732512507,49.50817033717843,47.51782966282157,0
2023-04-04,49.62,49.68,49.07,49.37,585746,48.577999999999996,48.565,56.354862003713656,-0.02856289658084421,-0.1931515771762689,49.62317767884218,47.50682232115781,1
2023-04-05,49.37,49.44,48.88,49.44,423371,48.707,48.599000000000004,56.99129254667704,0.029838411311622792,-0.14855357947869058,49.72178047720819,47.476219522791816,0
2023-04-06,49.5,49.99,49.25,49.25,614350,48.848,48.5895,54.661398735617645,0.06009768773664348,-0.10682332603562378,49.686577481311076,47.492422518688926,1
2023-04-07,49.19,49.5,49.07,49.37,360755,48.964,48.620000000000005,55.88798156197533,0.09269287367947499,-0.06692008609260403,49.76711812818029,47.472881871819716,0
2023-04-10,49.68,49.68,49.13,49.25,771039,49.037,48.663000000000004,54.30578816869571,0.10760143390614729,-0.03201578209285376,49.8365774367292,47.48942256327081,0
2023-04-11,49.19,49.37,49.13,49.25,534886,49.104,48.712,54.30578816869571,0.11805570264321119,-0.0020014851456407676,49.89762388639901,47.526376113600996,0
2023-04-12,49.25,49.37,49.01,49.25,575815,49.184,48.706,54.30578816869571,0.12490100489996792,0.02337901286348097,49.87939507413313,47.53260492586688,0
2023-04-13,49.25,49.31,48.64,48.82,542069,49.214,48.718,48.19890547820636,0.09453876587149779,0.037610963465084336,49.890904088150386,47.54509591184962,0
2023-04-14,49.01,49.13,48.64,48.82,399536,49.244,48.7365,48.19890547820636,0.06967332200733978,0.04402343517353542,49.903569406676354,47.569430593323645,0
2023-04-17,48.82,48.88,48.45,48.82,450882,49.164,48.7975,48.19890547820636,0.04939785092280147,0.045098318323388634,49.84164318941413,47.75335681058587,0
2023-04-18,48.82,49.07,48.58,48.7,302472,49.097,48.8375,46.38096331840699,0.023376922284803925,0.04075403911567169,49.799079429896416,47.87592057010358,0
2023-04-19,48.94,48.94,48.64,48.64,420463,49.017,48.862,45.457742816660144,-0.0020625736257002814,0.032190716567397304,49.77605907905339,47.947940920946614,1
2023-04-20,48.94,48.94,48.58,48.7,365619,48.962,48.905,46.602391378275314,-0.017183972716544815,0.022315778710608882,49.69522781525326,48.11477218474674,0
2023-04-21,49.07,49.07,48.64,48.64,324840,48.888999999999996,48.926500000000004,45.57241842697156,-0.0336217187539134,0.011128279217704425,49.66138162312031,48.191618376879696,0
2023-04-24,48.76,49.44,48.45,48.52,795812,48.816,48.9265,43.50162045631443,-0.05568979079168912,-0.002235334784174285,49.661381623120306,48.19161837687969,0
2023-04-25,48.52,48.64,48.02,48.09,541028,48.7,48.902,37.01160837100361,-0.10664694363278215,-0.02311765655389586,49.71044542178179,48.09355457821821,0
2023-04-26,47.9,48.09,47.6,48.02,772857,48.577000000000005,48.8805,36.06824428025679,-0.15093933467770881,-0.048681992178658456,49.75597644171612,48.005023558283874,0
2023-04-27,47.9,48.33,47.9,48.02,221966,48.497,48.8555,36.06824428025679,-0.183921244075556,-0.07572984255803797,49.79680706998297,47.91419293001703,0
2023-04-28,48.33,48.33,47.53,47.53,946202,48.36800000000001,48.806,29.8844615198889,-0.2467541218764282,-0.10993469842171602,49.90378686455974,47.70821313544025,1
2023-05-04,47.72,48.27,47.6,48.15,498526,48.301,48.7325,43.16276169441437,-0.24371145779590364,-0.13669005029655354,49.79883718869778,47.66616281130222,0
2023-05-05,48.21,48.21,47.96,48.09,320239,48.239999999999995,48.6685,42.32736323898831,-0.24333659040750177,-0.1580193583187432,49.727731325065434,47.60926867493457,1
2023-05-08,48.15,48.39,48.09,48.15,364297,48.191,48.604,43.50491443421226,-0.23548349954300107,-0.17351218656359477,49.623831358607816,47.58416864139218,1
2023-05-09,48.21,48.94,48.21,48.39,607003,48.160000000000004,48.561,48.0721654120411,-0.20750192123556133,-0.1803101334979881,49.539956587392844,47.582043412607156,1
2023-05-10,48.45,48.82,48.45,48.45,633179,48.141000000000005,48.515,49.178325212560935,-0.17842801320282575,-0.17993370943895565,49.42134430543797,47.60865569456203,1
2023-05-11,48.52,48.82,48.45,48.52,477378,48.141000000000005,48.4785,50.50305566741301,-0.14803189707230757,-0.17355334696562602,49.31998143176176,47.63701856823823,1
2023-05-12,48.64,49.44,48.33,49.37,1085041,48.269000000000005,48.4845,63.08584765551372,-0.05472403518005109,-0.14978748460851105,49.3492884134283,47.6197115865717,1
2023-05-15,49.93,50.17,49.56,49.68,936340,48.435,48.506,66.4369486536711,0.043733395478327,-0.11108330859114345,49.46237649490137,47.54962350509863,1
2023-05-16,49.68,50.11,49.56,49.99,768209,48.632,48.5645,69.42598862739182,0.14510336655849443,-0.059845973561215876,49.71415168638151,47.41484831361849,0
2023-05-17,50.23,50.72,49.74,49.99,977785,48.878,48.623000000000005,69.42598862739182,0.22287068445255187,-0.0033026419584623323,49.92736344628324,47.31863655371677,1
2023-05-18,50.17,50.91,49.93,50.85,1552354,49.148,48.7245,76.23536766658633,0.34986364651253865,0.06733061573573787,50.35063006859842,47.09836993140158,0
2023-05-19,50.91,51.09,50.17,50.78,1075113,49.416999999999994,48.828500000000005,74.77554881354878,0.4397884612716396,0.14182218484291823,50.68482190096436,46.97217809903565,0
2023-05-22,50.78,50.78,50.29,50.6,562355,49.662,48.9265,71.01005888610966,0.4908715672934889,0.21163206133303236,50.93350049825602,46.91949950174397,0
2023-05-23,50.6,50.6,49.93,50.29,657960,49.852000000000004,49.006,64.94440665922228,0.5005706211021277,0.2694197732868514,51.09509932746147,46.91690067253853,0
2023-05-24,50.29,50.36,49.74,49.86,465813,49.993,49.067,57.59527639193067,0.46816309207924434,0.30916843704533,51.180888360344504,46.953111639655496,1
2023-05-25,49.8,51.15,49.68,51.03,1343692,50.244,49.1925,68.15472581145596,0.5307707192883271,0.3534888934939294,51.45443611757716,46.930563882422845,0
2023-05-26,50.97,51.15,50.48,50.97,865789,50.403999999999996,49.3365,67.2301528092379,0.5689872851155258,0.39658857181824875,51.66506414985717,47.00793585014283,0
2023-05-29,51.21,51.34,50.85,50.97,881263,50.533,49.483999999999995,67.2301528092379,0.5924448533833768,0.4357598281312744,51.83393957369122,47.13406042630877,1
2023-05-30,50.91,52.07,50.85,51.52,1662064,50.686,49.659000000000006,71.36054081883154,0.6479464256344443,0.47819714763190835,52.067342998827236,47.250657001172776,1
2023-05-31,51.64,51.64,50.97,51.58,840575,50.845000000000006,49.8615,71.77843921836597,0.6888328833737773,0.5203242947802822,52.19979232560863,47.52320767439137,0
2023-06-01,51.52,51.52,50.97,51.21,538944,50.881,50.0145,65.43731150287527,0.6835008159801106,0.5529595990202478,52.28426188178413,47.744738118215864,1
2023-06-02,51.21,51.7,50.97,51.4,738485,50.943,50.18,67.04721970413362,0.6866907823699151,0.5797058356901813,52.34458772056027,48.01541227943973,1
2023-06-05,51.46,52.26,51.4,52.13,1428499,51.096,50.379000000000005,72.37195160678326,0.7395981260386293,0.6116842937598709,52.49166561480997,48.26633438519004,1
2023-06-06,52.32,52.32,51.95,52.32,516234,51.299,50.5755,73.56906063450862,0.7877779750549792,0.6469030300188926,52.64218309133268,48.50881690866731,0
2023-06-07,52.13,52.38,51.7,52.13,707049,51.525999999999996,50.7595,70.28918996108519,0.80139149807286,0.6778007236296861,52.68706296914017,48.831937030859834,0
2023-06-08,51.95,52.07,51.21,51.28,1246481,51.551,50.8975,57.861245710046624,0.7351184292341841,0.6892642647505858,52.537754553415574,49.25724544658443,1
2023-06-09,51.7,51.95,51.34,51.89,681805,51.64300000000001,51.0235,62.92720484546244,0.7234786353664617,0.696107138873761,52.558847192005956,49.48815280799404,1
2023-06-12,51.83,52.07,51.28,52.07,521246,51.753,51.143,64.29141108496792,0.7204733423320064,0.70098037956541,52.61208270699802,49.673917293001985,0
2023-06-13,51.77,52.07,51.7,51.77,468477,51.778,51.23199999999999,60.30818986881626,0.6859766216659153,0.697979627985511,52.62457459405255,49.83942540594744,0
2023-06-14,51.7,52.01,51.58,51.64,659704,51.784000000000006,51.314499999999995,58.61351641514999,0.6407615086464276,0.6865360041176943,52.593882272817886,50.035117727182104,0
2023-06-15,51.64,51.77,51.28,51.58,800193,51.821000000000005,51.351,57.80613958553313,0.5932481123075561,0.6678784257556667,52.61687361138491,50.08512638861509,1
2023-06-16,51.58,52.87,51.15,51.83,2234265,51.864,51.403499999999994,60.26228905755686,0.5692048745798672,0.6481437155205069,52.65733053081375,50.149669469186236,1
2023-06-19,51.95,52.44,51.83,51.95,664779,51.846000000000004,51.471000000000004,61.423092951650894,0.5534535643991418,0.6292056852962339,52.68939074192179,50.252609258078216,1
2023-06-20,52.13,52.62,51.95,52.44,946100,51.85799999999999,51.5785,65.81444416792124,0.5738939502757887,0.618143338292145,52.739142494483445,50.41785750551655,1
2023-06-21,52.44,52.99,52.38,52.62,707032,51.907,51.716499999999996,67.28758570327267,0.5977273699765746,0.6140601446290309,52.663712225428284,50.76928777457171,0
2023-06-22,52.81,53.05,51.95,52.44,1021586,52.023,51.787,64.30343543591238,0.5952295948706166,0.610294034677348,52.72921229030449,50.84478770969551,0
2023-06-23,52.5,52.5,52.01,52.2,823244,52.053999999999995,51.8485,60.45369029819339,0.5673441061708431,0.601704048976047,52.72784691675177,50.96915308324823,1
2023-06-26,52.2,52.62,51.89,52.62,861394,52.108999999999995,51.931000000000004,64.46326292478994,0.5725353146690821,0.5958703021146541,52.7740397380912,51.08796026190881,1
2023-06-27,52.75,53.54,52.75,53.54,1544056,52.286,52.032,71.32225549948251,0.6434681952341492,0.6053898807385532,53.106199236641366,50.95780076335863,0
2023-06-28,53.61,53.85,53.36,53.36,967842,52.458000000000006,52.121,68.53507535571322,0.6773504441642189,0.6197819934236863,53.31852912281954,50.92347087718046,0
2023-06-29,53.36,53.42,53.05,53.05,563802,52.605,52.213,63.90340301299992,0.6714479275804948,0.6301151802550481,53.39910454851204,51.02689545148796,0
2023-06-30,53.05,53.12,52.75,52.75,734840,52.697,52.2805,59.698711521187064,0.6352399966094211,0.6311401435259227,53.42684157213327,51.13415842786674,1
2023-07-03,53.05,53.24,52.75,52.99,1041108,52.801,52.3235,61.86071961238145,0.6187780564285603,0.6286677261064503,53.5079201112785,51.139079888721504,1
2023-07-04,52.99,53.36,52.87,53.36,1329492,52.892999999999994,52.3755,64.97983695306007,0.6283445926808326,0.6286030994213269,53.64313519989033,51.107864800109674,1
2023-07-05,53.59,54.58,53.37,53.37,1791184,52.967999999999996,52.4375,65.06299950237867,0.6294768408251414,0.6287778477020899,53.77064477833467,51.10435522166533,0
2023-07-06,53.37,53.66,52.8,53.23,1522489,53.047000000000004,52.535000000000004,62.81405279341413,0.6120223134074365,0.6254267408431592,53.79868508735406,51.27131491264595,1
2023-07-07,52.94,53.87,52.94,53.73,899592,53.2,52.626999999999995,67.1776212013259,0.631258540491487,0.6265931007728248,53.95570011665576,51.29829988334423,0
2023-07-10,53.73,54.16,53.44,53.73,1156888,53.311,52.71,67.1776212013259,0.6391358290560163,0.6291016464294631,54.09533750400438,51.324662495995625,0
2023-07-11,53.73,53.8,53.51,53.51,1093461,53.30800000000001,52.797000000000004,63.3822633752999,0.6204740371443904,0.6273761245724486,54.153526446480534,51.440473553519475,1
2023-07-12,53.51,54.01,53.44,53.73,906936,53.345000000000006,52.9015,65.48242658741368,0.6163319034570023,0.6251672803493594,54.20643333163082,51.59656666836918,1
2023-07-13,54.08,54.08,53.8,54.08,1255041,53.448,53.0265,68.57076839348389,0.6339831445457165,0.6269304531886309,54.279037823780634,51.773962176219364,1
2023-07-14,54.87,55.87,54.3,55.87,2826852,53.760000000000005,53.2285,78.9458654361591,0.7833796081389153,0.6582202841786878,54.88271008339363,51.57428991660636,1
2023-07-17,56.37,56.51,56.01,56.37,1156882,54.098,53.4495,80.84773290771113,0.9313867564453915,0.7128535786320286,55.49594545492941,51.40305454507059,0
2023-07-18,56.37,56.37,55.73,56.15,719990,54.376999999999995,53.635000000000005,77.5292044688314,1.0191828212844314,0.7741194271625091,55.93826290292735,51.33173709707266,0
2023-07-19,56.01,56.3,55.87,56.01,710544,54.641,53.8045,75.40798753012601,1.0651862017562195,0.8323327820812513,56.27678214409305,51.33221785590695,1
2023-07-20,56.08,58.01,56.01,57.3,2297840,55.048,54.0475,80.65901894309805,1.1919958451257742,0.904265394690156,56.86659826008272,51.22840173991728,1
2023-07-21,56.87,57.8,56.8,57.8,1275567,55.455,54.3275,82.24177865908949,1.31765017146801,0.9869423500457268,57.45277038830267,51.202229611697334,0
2023-07-24,57.8,58.01,57.51,57.8,1175667,55.862,54.5865,82.24177865908949,1.4010813368761177,1.069770147411805,57.9521397608778,51.2208602391222,1
2023-07-25,57.8,58.65,57.8,58.01,1060033,56.312,54.81,82.92251518448093,1.467233032430883,1.1492627244156208,58.450434040056436,51.16956595994357,1
2023-07-26,57.94,59.01,57.87,59.01,1273543,56.839999999999996,55.092499999999994,85.72811818918521,1.582112759347801,1.235832731402057,59.09762609039986,51.08737390960013,1
2023-07-27,59.08,60.22,59.08,59.72,1421340,57.403999999999996,55.426,87.32082663260036,1.7107266450023957,1.3308115141221248,59.790004582949216,51.06199541705079,1
2023-07-28,59.58,60.22,59.29,60.22,900725,57.839,55.7995,88.31019631637838,1.83188308937563,1.431025829172826,60.45254405738887,51.146455942611134,1
2023-07-31,60.44,61.22,60.22,61.08,1475315,58.30999999999999,56.20399999999999,89.78643964604787,1.9745340575953847,1.5397274748573377,61.20344156881565,51.20455843118434,0
2023-08-01,61.08,61.58,60.29,60.29,1290289,58.724000000000004,56.5505,79.81518967098674,2.000775881042827,1.6319371560944358,61.67256784414284,51.42843215585716,0
2023-08-02,60.29,60.51,59.58,59.58,999318,59.080999999999996,56.861000000000004,72.06875578627182,1.941896672848742,1.6939290594452971,61.92680654980055,51.795193450199456,1
2023-08-03,59.79,60.08,59.15,59.72,910770,59.323,57.18549999999999,72.63278454725338,1.8848044536328814,1.732104138282814,62.108826009924805,52.262173990075176,0
2023-08-04,59.94,60.29,59.44,59.44,1620226,59.48699999999999,57.47099999999999,69.60539338078742,1.7962586470833202,1.744935040042915,62.21879485656258,52.7232051434374,1
2023-08-07,59.65,60.29,59.44,60.29,755463,59.736000000000004,57.79899999999999,73.25040290889063,1.7742212357173344,1.7507922791777992,62.370821956288566,53.22717804371142,0
2023-08-08,59.94,60.36,59.79,60.08,638510,59.943,58.1275,70.98546336141246,1.719984275408173,1.744630678423874,62.35022364712662,53.90477635287338,0
2023-08-09,59.94,60.44,59.22,59.29,985253,59.971000000000004,58.405499999999996,63.08317909075573,1.594870027013144,1.7146785481417282,62.137113458010134,54.67388654198986,0
2023-08-10,59.29,59.44,58.65,58.65,1345605,59.864,58.63399999999999,57.49874512754814,1.427616755170746,1.6572661895475318,61.79407215107541,55.473927848924575,0
2023-08-11,58.51,59.22,58.15,58.51,1146772,59.693,58.766,56.32413732372983,1.269140638995978,1.579641079437221,61.66280789836027,55.869192101639726,1
2023-08-14,58.58,59.37,58.51,58.94,1016349,59.479,58.894499999999994,59.088559629202166,1.1648172928306053,1.496676322115898,61.574675180842185,56.2143248191578,1
2023-08-15,58.94,60.15,58.15,59.94,1677357,59.444,59.084,64.6864067649293,1.1495802860875841,1.4272571149102355,61.48230273318497,56.68569726681503,1
2023-08-16,59.37,60.79,59.37,60.72,2613481,59.55800000000001,59.319500000000005,68.32679394989138,1.1867640524731087,1.3791585024228104,61.36288420273882,57.27611579726119,1
2023-08-17,60.65,62.22,60.65,61.36,3708846,59.722,59.522499999999994,70.97106976532041,1.253426387362353,1.3540120794107189,61.5293968583369,57.515603141663085,0
2023-08-18,61.08,62.72,60.15,61.01,4252285,59.879000000000005,59.68299999999999,67.64505965738746,1.2634504231033645,1.335899748149248,61.62560752598216,57.740392474017824,1
2023-08-21,61.29,61.86,61.01,61.29,2461231,59.979,59.857499999999995,68.90070621565351,1.2792418992753483,1.3245681783744683,61.71741263235739,57.9975873676426,1
2023-08-22,61.58,61.72,59.22,61.72,2337900,60.14300000000001,60.04299999999999,70.77637439275954,1.311337877481023,1.3219221181957792,61.86858593333828,58.2174140666617,0
2023-08-23,61.65,61.93,60.44,61.72,1422837,60.38599999999999,60.1785,70.77637439275952,1.3215402777563412,1.3218457501078917,62.07807126741869,58.278928732581306,1
2023-08-24,61.72,65.04,61.43,64.97,5269510,61.017999999999994,60.440999999999995,80.88305050459694,1.5737325824990407,1.3722231165861216,63.248560506917464,57.63343949308253,1
2023-08-25,64.61,65.69,64.32,65.4,2802665,61.706999999999994,60.7,81.78083578567599,1.787686865901449,1.4553158664491872,64.238734236984,57.161265763016004,1
2023-08-28,66.41,68.07,65.69,67.86,2969885,62.599000000000004,61.039,85.86936351268051,2.131181682061161,1.590489029571582,65.75993168770772,56.31806831229229,0
2023-08-29,67.86,67.86,66.99,67.57,1556447,63.362,61.403,83.49074706132015,2.3528806784021157,1.7429673593376889,66.89625076798819,55.909749232011805,1
2023-08-30,67.28,70.89,67.21,69.74,2376554,64.264,61.91099999999999,86.5034446163067,2.6728684313370223,1.9289475737375557,68.4209920122841,55.40100798771588,1
2023-08-31,69.74,70.38,69.37,69.81,1409398,65.109,62.41550000000001,86.58846627028147,2.8986950932508506,2.1228970776402147,69.68740889656927,55.14359110343076,1
2023-09-05,70.1,71.25,69.88,69.88,1448003,65.996,62.9375,86.6788381667012,3.0481752973913103,2.307952721590434,70.75822598931859,55.11677401068142,1
2023-09-06,70.1,71.47,69.52,71.47,2503495,67.014,63.496500000000005,88.56386669190425,3.257389983855859,2.4978401740435188,72.04475660588189,54.94824339411812,0
2023-09-07,71.47,72.77,70.46,70.67,3257432,67.90899999999999,64.026,82.25683027827712,3.3203657070533836,2.662345280645492,72.96515745470474,55.086842545295255,0
2023-09-08,70.38,71.11,70.02,70.46,2122234,68.783,64.58449999999999,80.63353157643093,3.315114598936873,2.7928991443037683,73.66492834892735,55.504071651072636,0
2023-09-11,71.25,71.83,68.8,70.31,5159148,69.317,65.1675,79.42778627733529,3.261255587176791,2.886570432878373,74.14565320653439,56.18934679346562,1
2023-09-12,70.31,71.4,70.31,71.4,2687116,69.917,65.812,81.58294830003709,3.268844616855631,2.9630252696738246,74.63526832868659,56.9887316713134,0
2023-09-13,71.4,71.47,70.31,70.75,2895387,70.206,66.4025,76.44023344682545,3.1856867954717387,3.0075575748334074,74.88113167026403,57.92386832973598,0
2023-09-14,70.75,70.75,68.94,69.23,2324353,70.372,66.86699999999999,65.96795909059394,2.9629769719319796,2.9986414542531223,74.8838774469867,58.85012255301328,1
2023-09-15,69.3,70.6,68.8,70.38,2140173,70.43599999999999,67.35,69.38529748711991,2.8464609908460545,2.968205361571709,74.9820560794588,59.71794392054118,0
2023-09-18,69.95,69.95,69.09,69.95,2030801,70.45,67.77950000000001,66.68875122555602,2.688433245085335,2.9122509382744344,74.96882395987303,60.59017604012699,1
2023-09-19,69.88,71.03,69.23,71.03,3588961,70.565,68.2805,69.85731424985038,2.6201387634199733,2.853828503303542,74.88582353484705,61.67517646515296,1
2023-09-20,71.32,71.97,71.11,71.11,2449993,70.529,68.7715,70.08431189277752,2.543154326064837,2.7916936678558013,74.64463979060642,62.89836020939359,0
2023-09-21,71.11,71.4,69.52,69.88,3422654,70.45,69.1795,62.314216534986286,2.355737409891262,2.7045024162628932,74.09162163937381,64.2673783606262,0
2023-09-22,68.65,70.02,66.85,69.81,6867488,70.385,69.584,61.89365526198428,2.1764707387023776,2.5988960807507904,73.10893063761607,66.05906936238394,0
2023-09-25,70.02,70.46,68.07,68.07,2102701,70.161,69.739,52.422632927920155,1.8724131388968033,2.4535994923799933,72.65956090503254,66.81843909496747,0
2023-09-26,68.0,68.94,67.21,67.5,2159726,69.77099999999999,69.844,49.73762211916356,1.5673832457283794,2.2763562430496704,72.23624079055692,67.45175920944307,1
2023-09-27,67.79,68.07,65.26,68.07,4516129,69.503,69.8545,52.36508899862546,1.3560078793345554,2.0922865703066478,72.21342751054468,67.49557248945533,0
2023-09-28,67.93,68.07,65.98,67.86,1768685,69.366,69.869,51.30106908180814,1.1581951805435722,1.9054682923540327,72.17454028375226,67.56345971624773,0
2023-09-29,67.86,68.51,66.99,66.99,1637648,69.027,69.73150000000001,47.03692856249827,0.9206132064988566,1.7084972751829977,72.3571981928631,67.10580180713693,1
2023-10-02,67.43,67.71,66.41,67.28,1139848,68.76,69.60499999999999,48.57144945352543,0.7471160677857824,1.5162210337035547,72.43890543243849,66.77109456756149,0
2023-10-03,66.56,67.5,66.05,66.56,2010673,68.313,69.439,45.079276371751504,0.5452352204432032,1.3220238710514844,72.56311203384328,66.3148879661567,1
2023-10-04,65.91,67.43,65.91,66.78,1593917,67.88,69.2045,46.34859502935959,0.3984028161669073,1.137299660074569,72.38713711409333,66.02186288590666,0
2023-10-05,66.99,67.35,66.13,66.13,1370603,67.505,68.97749999999999,43.17370224274053,0.22697112830181254,0.9552339537200178,72.35152356245541,65.60347643754457,1
2023-10-06,66.05,66.99,65.69,66.92,1149293,67.216,68.8005,47.8494374231252,0.15309192979438535,0.7948055489348914,72.21602616737222,65.38497383262778,1
2023-10-09,66.7,69.01,66.56,69.01,3660637,67.31,68.7355,57.75316342079581,0.2601883762082764,0.6878821143895685,72.0824357627544,65.3885642372456,1
2023-10-10,69.66,70.17,68.87,69.52,3259197,67.512,68.64150000000001,59.761295095216624,0.38181449945325596,0.626668591402306,71.78312553465629,65.49987446534372,1
2023-10-11,69.23,70.75,69.23,70.02,2361344,67.707,68.605,61.68421093516703,0.5126404991528517,0.6038629729524152,71.66365656784222,65.54634343215778,0
2023-10-12,70.02,70.6,69.3,69.59,1884002,67.88,68.623,59.06985150049149,0.5749954504941002,0.5980894684607523,71.70033716059915,65.54566283940086,0
2023-10-13,69.3,69.52,68.8,69.37,2364522,68.118,68.57249999999999,57.72191048534879,0.5997465325934286,0.5984208812872875,71.56482267645124,65.58017732354874,1
2023-10-16,69.88,71.4,69.52,69.88,4979916,68.378,68.56899999999999,60.0006273559024,0.6529874483966722,0.6093341947091645,71.5550267915751,65.58297320842487,0
2023-10-17,70.6,70.6,67.21,67.21,2422927,68.44300000000001,68.378,46.0170187081089,0.474267511223772,0.582320858012086,71.1937599329496,65.5622400670504,0
2023-10-18,68.51,68.51,65.69,67.14,6149090,68.47900000000001,68.17949999999999,45.71619985275261,0.32325596487777375,0.5305078793852236,70.74555904063105,65.61344095936893,0
2023-10-19,67.86,68.07,66.41,66.41,3033197,68.507,68.006,42.589416646901384,0.1430246283972707,0.45301122918763304,70.55788871230789,65.45411128769211,1
2023-10-20,66.78,67.14,65.04,67.06,2867958,68.521,67.8685,46.122930462232425,0.05203968239804624,0.3728169198297157,70.31075531015993,65.42624468984006,0
2023-10-23,67.71,67.71,65.55,65.69,1975305,68.189,67.7495,40.46924286715918,-0.1291256135546064,0.27242841315285127,70.36656304853445,65.13243695146555,1
2023-10-24,66.7,66.7,65.55,66.41,1615528,67.878,67.69500000000001,44.33133253442455,-0.21215682134025826,0.17551136625422936,70.37521267812919,65.01478732187083,0
2023-10-25,66.27,66.92,65.62,65.62,1840166,67.438,67.5725,41.174925200950916,-0.33781196337928066,0.07284670032752737,70.39322951556942,64.7517704844306,0
2023-10-26,63.74,64.9,62.08,62.66,5919549,66.745,67.3125,31.985559862522834,-0.6685353713770184,-0.07542971401338178,70.84748444126767,63.77751555873234,1
2023-10-27,63.17,63.53,62.3,62.8,2039441,66.088,67.103,32.75003918414107,-0.9088624246928987,-0.24211625614928517,71.14926791006286,63.056732089937135,0
2023-10-30,62.8,62.88,61.36,61.36,1873591,65.236,66.80699999999999,29.12398303834854,-1.2016672394025676,-0.4340264527999417,71.56220388627074,62.05179611372923,0
2023-10-31,61.43,61.58,59.92,59.92,3095467,64.50699999999999,66.475,26.021306625292766,-1.5322503023300555,-0.6536712227059644,72.10039065310174,60.84960934689825,1
2023-11-01,60.86,61.65,59.63,61.65,2178980,63.95799999999999,66.2185,34.982834157122014,-1.635786886648404,-0.8500943554944524,72.22011403290853,60.21688596709148,1
2023-11-02,62.37,64.25,62.01,64.25,2207208,63.742,66.1245,45.64051372986692,-1.49085643975652,-0.978246772346866,72.18729300322916,60.06170699677083,0
2023-11-03,64.25,64.39,62.8,62.8,4845587,63.315999999999995,65.91850000000001,41.549938814414546,-1.4759866430206472,-1.0777947464816222,72.13715025548186,59.699849744518154,1
2023-11-06,63.67,64.18,63.38,63.89,1212457,63.136,65.6625,45.50398511622292,-1.3605645898170877,-1.1343487151487155,71.77158790246175,59.55341209753824,0
2023-11-07,63.89,64.1,63.45,63.74,1343408,62.86900000000001,65.37349999999999,45.05231296164683,-1.266595008648295,-1.1607979738486316,71.26841399428393,59.47858600571606,1
2023-11-08,63.67,66.85,63.53,66.85,2947501,62.992000000000004,65.215,55.02099120496948,-0.9304468181753265,-1.1147277427139706,70.76184955628008,59.66815044371992,0
2023-11-09,66.41,67.35,66.27,66.78,2114138,63.403999999999996,65.0745,54.780093166631055,-0.6620635143212894,-1.0241948970354344,70.30425133252095,59.84474866747905,0
2023-11-10,66.05,66.92,65.91,66.05,2409873,63.729,64.90849999999999,52.212710548427495,-0.5024804299419543,-0.9198520036167385,69.7808845291607,60.036115470839285,0
2023-11-13,66.13,66.41,65.33,65.98,1534993,64.191,64.7135,51.96122843401392,-0.3773087207565311,-0.811343347044697,69.05797821953392,60.36902178046607,1
2023-11-14,66.41,67.43,65.91,66.85,2000413,64.884,64.6955,54.87058193230039,-0.20553819395021833,-0.6901823164258013,69.00126578554902,60.38973421445097,0
2023-11-15,67.64,67.71,66.41,66.7,2420392,65.389,64.6735,54.2604209281668,-0.08058364224783077,-0.5682625815902071,68.93333227369396,60.413667726306045,1
2023-11-16,66.56,67.14,66.13,67.14,1908811,65.678,64.71000000000001,55.81262626704199,0.05333327025117285,-0.44394341122193115,69.04064429386722,60.37935570613279,0
2023-11-17,67.43,67.5,65.4,65.69,3572003,65.967,64.6415,49.813301840502724,0.04197662596689611,-0.34675940378416575,68.86326396782252,60.41973603217746,0
2023-11-20,65.04,66.85,64.32,65.48,1659285,66.126,64.631,48.991947477320544,0.015848467328609672,-0.2742378295616107,68.84331480305124,60.41868519694876,1
2023-11-21,66.41,66.41,65.48,66.34,1462987,66.386,64.6275,52.44976259268115,0.06380106705839239,-0.20663005023761008,68.83400864732317,60.42099135267682,1
2023-11-22,66.34,67.21,66.34,67.14,3274558,66.41499999999999,64.70349999999999,55.47358952333757,0.16446135383178273,-0.1324117694237315,69.03214077973728,60.3748592202627,0
2023-11-23,67.35,67.64,65.55,65.55,2168399,66.292,64.848,48.82757592295634,0.11461444057637493,-0.08300652742371023,69.08612977621081,60.609870223789194,1
2023-11-24,65.55,66.41,65.11,65.84,2251338,66.271,65.0,50.00408434577762,0.09738834682268305,-0.04692755257443157,69.15057586366092,60.849424136339074,0
2023-11-27,65.98,65.98,65.04,65.48,1661825,66.221,65.206,48.51298615079798,0.0540643320946117,-0.026729175640622917,69.00780167815269,61.40419832184732,1
2023-11-28,65.55,66.34,64.9,65.76,1092670,66.112,65.498,49.76764179978091,0.04184108030372613,-0.01301512445175311,68.4281303725269,62.567869627473115,1
2023-11-29,66.13,66.41,65.76,66.2,804163,66.06200000000001,65.7255,51.757120933688306,0.06688735220200215,0.0029653708789979423,68.0740695646509,63.376930435349095,1
2023-11-30,65.98,67.64,65.91,66.34,1984701,65.982,65.83,52.40306490942844,0.0969163418407959,0.021755565071357532,68.09101747007946,63.56898252992054,1
2023-12-01,66.56,67.06,65.91,66.7,1192386,66.083,66.025,54.10478524639743,0.14805681700690343,0.04701581545846671,67.83477899203315,64.21522100796686,1
2023-12-04,66.85,67.86,66.85,67.57,3466947,66.292,66.209,58.01174108869915,0.2558385930828422,0.08878037098334181,67.85388175866976,64.56411824133025,1
2023-12-05,67.71,69.16,67.64,68.44,3596254,66.502,66.444,61.537802510819155,0.4067691744177466,0.1523781316702228,67.94766751644254,64.94033248355747,1
2023-12-06,68.58,68.87,67.93,68.58,1223469,66.646,66.53049999999999,62.08951750228071,0.5315521749004404,0.22821294031626632,68.29419470147315,64.76680529852683,0
2023-12-07,68.65,68.8,66.99,68.07,3765052,66.898,66.595,58.781641473778166,0.5825752986415722,0.29908541198132754,68.48061395837124,64.70938604162876,0
2023-12-08,68.07,68.65,67.5,68.0,1747729,67.114,66.6925,58.322360368298696,0.6103276001636431,0.3613338496177907,68.65538435726724,64.72961564273275,1
2023-12-11,68.94,69.09,68.29,68.58,1567612,67.424,66.8225,61.03870512072969,0.6713833623229419,0.4233437521588209,68.91923913494371,64.7257608650563,1
2023-12-12,68.87,69.88,68.8,69.88,4090519,67.836,66.974,66.33487647578335,0.8152716846719841,0.5017293386614536,69.4587567285359,64.4892432714641,0
2023-12-13,70.31,70.31,68.72,68.72,2152046,68.088,67.075,58.670953795730505,0.826178242812432,0.5666191194916493,69.6688195773809,64.4811804226191,1
2023-12-14,69.16,69.59,68.72,69.45,1715423,68.399,67.1905,61.672014226845086,0.8835417485599493,0.6300036453053094,69.98367364300977,64.39732635699023,0
2023-12-15,69.45,69.52,68.58,69.45,1477484,68.674,67.3785,61.672014226845086,0.9184158143329597,0.6876860791108395,70.24750871382511,64.50949128617489,0
2023-12-18,69.23,69.45,67.64,67.86,2269177,68.703,67.4975,52.1130752138113,0.8084349164134323,0.7118358465713581,70.23612648055635,64.75887351944365,1
2023-12-19,67.79,68.29,67.57,68.29,1253010,68.688,67.595,54.18140296731302,0.7473566070301558,0.7189399986631176,70.30049440953117,64.88950559046883,1
2023-12-20,68.07,68.58,67.93,68.36,1351472,68.666,67.656,54.525738888029814,0.6965703919061781,0.7144660773117298,70.37269946810545,64.93930053189456,1
2023-12-21,68.29,68.65,67.86,68.65,1758872,68.724,67.81099999999999,56.000997028800654,0.6719764012317739,0.7059681420957388,70.37905685295408,65.2429431470459,0
2023-12-22,68.58,68.65,68.15,68.29,1276887,68.753,67.93350000000001,53.6731797897125,0.6163318056751024,0.6880408748116116,70.34261000164054,65.52438999835948,1
2023-12-25,68.51,69.45,68.44,69.3,2019931,68.825,68.1245,58.842206340073176,0.6462816888637377,0.6796890376220369,70.32163882128654,65.92736117871345,1
2023-12-26,69.66,71.18,69.59,70.17,3364283,68.854,68.345,62.702646700777535,0.7317833729703693,0.6901079046917035,70.43104410308229,66.25895589691771,0
2023-12-27,70.31,70.6,69.95,69.95,1359748,68.977,68.5325,61.140920675324196,0.7728826027066589,0.7066628442946945,70.48338569629396,66.58161430370603,0
2023-12-28,70.02,70.02,69.52,69.74,1199164,69.006,68.7025,59.614575604264736,0.7795229382241899,0.7212348630805936,70.44047439566997,66.96452560433003,0
2023-12-29,69.74,70.02,69.37,69.37,1869204,68.998,68.836,56.918445191571955,0.7463263584932065,0.7262531621631162,70.3314517712064,67.3405482287936,0
2024-01-02,69.95,69.95,69.09,69.23,1717109,69.13500000000002,68.91900000000001,55.88848189934411,0.700644407325143,0.7211314111955216,70.30439380683053,67.53360619316949,1
2024-01-03,69.01,69.66,68.87,69.52,1439581,69.25800000000001,68.973,57.60002925978532,0.6800030563265125,0.7129057402217198,70.36368472343818,67.58231527656181,1
2024-01-04,69.52,71.03,69.45,70.17,2978466,69.439,69.05250000000001,61.23099089292634,0.7079335869535015,0.7119113095680761,70.52368829522409,67.58131170477593,1
2024-01-05,70.24,70.38,69.66,70.31,1140908,69.60499999999999,69.1645,61.98607985795857,0.732916953262901,0.7161124383070411,70.66030045460761,67.6686995453924,0
2024-01-08,70.31,70.96,70.1,70.24,1446808,69.8,69.2765,61.34275345450245,0.7385544402202697,0.7206008386896868,70.74189107408375,67.81110892591624,0
2024-01-09,70.24,70.24,69.74,69.74,1213774,69.844,69.3345,56.80751966330331,0.6946686600276735,0.7154144029572842,70.77667162640385,67.89232837359616,0
2024-01-10,69.81,69.95,68.22,68.36,3309732,69.663,69.2585,46.57305934248643,0.5422832919562239,0.6807881807570721,70.73740871929417,67.77959128070583,1
2024-01-11,68.36,68.87,68.36,68.58,1373914,69.526,69.2515,48.176003161028895,0.4342630372910605,0.6314831520638698,70.74181909335024,67.76118090664974,0
2024-01-12,68.44,69.01,67.93,68.36,2602405,69.388,69.197,46.6681358320409,0.32713305956433203,0.5706131335639623,70.73330856275825,67.66069143724175,1
2024-01-15,68.58,69.23,68.51,68.87,1315058,69.338,69.16799999999999,50.533378731822594,0.28015506494008946,0.5125215198391877,70.70600650193825,67.62999349806174,1
2024-01-16,68.36,69.09,68.36,69.09,811904,69.324,69.2295,52.144610693941026,0.25770615103289174,0.46155844607792856,70.64702566114491,67.8119743388551,0
2024-01-17,69.01,69.3,68.58,69.09,1416305,69.28099999999999,69.26950000000001,52.144610693941026,0.237181148387279,0.4166829865397987,70.62240021805171,67.9165997819483,0
2024-01-18,69.09,69.3,68.72,69.01,1139263,69.16499999999999,69.30199999999999,51.43802188845739,0.21201562040695876,0.3757495133132307,70.59588716664334,68.00811283335665,1
2024-01-19,69.3,69.95,69.09,69.52,1495663,69.08599999999998,69.34549999999999,55.57122314501852,0.23056666691346095,0.3467129440332768,70.60687187221069,68.08412812778928,1
2024-01-22,69.88,69.88,69.16,69.59,1110387,69.021,69.4105,56.123221099823475,0.24805746782979554,0.3269818487925806,70.57810395682968,68.24289604317032,0
2024-01-23,69.37,69.59,68.87,69.01,1482899,68.94800000000001,69.396,50.52216756805349,0.21266641478328552,0.3041187619907216,70.57587117941084,68.21612882058916,0
2024-01-24,69.16,69.16,68.51,68.58,1725114,68.97,69.31649999999999,46.793626075351305,0.14821283858123024,0.27293757730882334,70.49130679262775,68.14169320737223,1
2024-01-25,68.65,69.09,68.44,68.65,847088,68.977,69.25150000000001,47.473223961001125,0.10161003285503512,0.2386720684180657,70.42276043218592,68.08023956781409,1
2024-01-26,68.94,69.45,68.8,69.23,927816,69.064,69.226,52.847363899802986,0.110207720301986,0.21297919879484978,70.37561558792682,68.07638441207318,0
2024-01-29,69.23,69.37,68.8,69.23,1062382,69.1,69.219,52.847363899802986,0.11568787177407103,0.19352093339069404,70.36672644824641,68.07127355175358,0
2024-01-30,69.23,69.23,68.87,69.01,950876,69.09200000000001,69.208,50.57124008598173,0.10111319988726564,0.17503938669000838,70.35930534611992,68.05669465388007,1
2024-01-31,69.01,69.3,68.94,69.09,1383416,69.09200000000001,69.1865,51.39110126940532,0.09492377661540274,0.15901626467508725,70.32972832365382,68.04327167634617,1
2024-02-01,69.23,72.12,69.09,72.12,7803177,69.403,69.28399999999999,71.00653878251654,0.33070216263755015,0.19335344426757983,70.95629662440737,67.61170337559261,1
2024-02-02,72.33,73.78,72.26,73.63,2885879,69.81400000000001,69.45,76.16789294550233,0.6321159731946437,0.28110595005299266,71.95067190970835,66.94932809029166,1
2024-02-05,73.63,75.15,73.56,74.72,2701349,70.327,69.674,79.06503663646187,0.948014360688731,0.41448763218014034,73.06257138039092,66.28542861960909,1
2024-02-06,74.79,75.8,74.28,75.15,1890491,70.941,69.94449999999999,80.09314049019606,1.2190115091734128,0.5753924075787948,74.09012166628895,65.79887833371103,1
2024-02-07,75.58,75.8,75.0,75.73,2130668,71.656,70.313,81.41865974065934,1.4637071496195517,0.7530553559869462,75.09162783652425,65.53437216347575,0
2024-02-15,75.94,76.16,74.93,75.08,2254547,72.299,70.638,75.36235402204771,1.586887983021839,0.9198218813939248,75.77190533609692,65.50409466390309,1
2024-02-16,75.08,75.87,74.93,75.87,2070089,72.963,71.0135,77.54826360260782,1.7283329324621377,1.0815240916075675,76.51167160517971,65.51532839482027,0
2024-02-19,76.16,77.24,75.8,75.8,2037643,73.62,71.36,76.89723608545926,1.8138714776650602,1.227993568819066,77.140384070285,65.579615929715,0
2024-02-20,75.94,75.94,75.08,75.29,1848111,74.248,71.67,72.14507887490153,1.8195341956711815,1.3463016941894892,77.59341455581193,65.74658544418807,1
2024-02-21,75.08,77.17,74.72,76.45,3141692,74.98400000000001,72.038,75.80724391619114,1.8957709782039416,1.4561955509923799,78.18483202959091,65.89116797040909,0
2024-02-22,76.45,76.52,75.51,75.51,1722092,75.32300000000001,72.363,68.0048090358995,1.8589106684708696,1.536738574488078,78.52240289313865,66.20359710686135,0
2024-02-23,76.16,77.03,74.57,75.0,4108378,75.46000000000001,72.637,64.1471501881093,1.7681635805777773,1.5830235757060178,78.75354837306179,66.52045162693821,1
2024-02-26,75.0,77.96,74.72,77.96,4472548,75.784,73.0555,73.53174810797938,1.9130407786036585,1.649027016285546,79.42115935312319,66.6898406468768,0
2024-02-27,78.33,79.05,77.53,77.89,2807162,76.05799999999999,73.4995,73.04481155882769,1.9991634747367186,1.7190543079757807,79.91310577210706,67.08589422789294,1
2024-02-28,77.96,78.33,76.74,78.33,3466729,76.318,73.987,74.20128299692355,2.0789557469237394,1.7910345957653726,80.31235880405254,67.66164119594745,1
2024-02-29,78.11,78.98,77.75,78.69,2829302,76.679,74.489,75.1410283892769,2.146497205224989,1.862127117657296,80.63139985673395,68.34660014326606,1
2024-03-01,78.83,80.42,78.76,79.99,4028406,77.09100000000001,75.02700000000002,78.2255313864331,2.27865649927611,1.945432993981059,81.1173270848129,68.93667291518713,1
2024-03-04,80.13,80.71,79.99,80.42,3092985,77.553,75.5865,79.14720285439427,2.3905345045950526,2.034453296103858,81.49714894914302,69.67585105085698,0
2024-03-05,80.42,80.42,79.34,79.91,3390992,78.015,76.13149999999999,75.08760304971993,2.410261893325341,2.1096150155481546,81.50142839803341,70.76157160196657,0
2024-03-06,79.41,79.7,78.25,78.76,3710122,78.246,76.615,66.77096752830217,2.3065125609251282,2.1489945246235496,81.01571585085948,72.21428414914051,1
2024-03-07,78.76,82.22,78.11,80.35,4044840,78.72999999999999,77.02650000000001,71.4751742238561,2.325780034846048,2.1843516266680494,81.20238445721456,72.85061554278546,0
2024-03-08,80.35,81.29,79.05,79.41,3122548,79.17099999999999,77.3155,65.56555056562965,2.2393852633043565,2.195358353995311,81.30710356248039,73.32389643751961,0
2024-03-11,79.41,81.94,79.41,79.41,3389872,79.316,77.55,65.56555056562965,2.1461769920018554,2.18552208159662,81.45422847692168,73.64577152307831,1
2024-03-12,79.41,81.94,79.41,80.78,2912964,79.60499999999999,77.8315,69.78784390500005,2.157980460445742,2.1800137573664444,81.8140382609595,73.8489617390405,1
2024-03-13,81.43,84.46,80.85,84.46,5125138,80.21799999999999,78.268,77.69834892157292,2.4361970757741886,2.2312504210479935,83.06410508642237,73.47189491357763,0
2024-03-14,85.54,85.54,83.52,84.46,3472473,80.79499999999999,78.737,77.69834892157292,2.6264101268061637,2.3102823621996276,84.00561310023868,73.46838689976131,0
2024-03-15,84.32,84.32,82.66,83.74,3846741,81.17,79.1305,73.34099030200571,2.6880709488192025,2.385840079523543,84.65326914237838,73.60773085762162,0
2024-03-18,83.6,83.6,80.2,81.57,5898676,81.285,79.41900000000001,62.04707011942772,2.532642009384176,2.4152004654956696,84.8171326400902,74.02086735990983,0
2024-03-19,81.57,81.57,80.2,80.85,3324749,81.37899999999999,79.697,58.81102803218595,2.324569284648632,2.397074229326262,84.77937385480517,74.61462614519483,1
2024-03-20,81.07,83.02,80.2,82.66,3483551,81.76899999999999,80.00750000000001,63.90720148751049,2.27944598994533,2.3735485814500756,85.01670702307335,74.99829297692666,1
2024-03-21,83.16,83.88,82.73,83.88,3762372,82.12199999999999,80.426,66.88159610342561,2.315438326118553,2.361926530383771,85.2577011496995,75.5942988503005,0
2024-03-22,83.96,83.96,82.66,82.95,2420313,82.476,80.8235,62.643581855386806,2.2430626541617613,2.338153755139369,85.07780734667907,76.56919265332093,0
2024-03-25,82.37,83.09,82.15,82.3,2799669,82.76499999999999,81.0405,59.79182380748045,2.1089442484501717,2.2923118538015297,85.12790247590172,76.95309752409827,1
2024-03-26,82.3,83.38,82.01,83.02,1696761,82.98899999999999,81.297,61.86286158128365,2.0372680702037798,2.2413030970819796,85.20113165761705,77.39286834238294,1
2024-03-27,82.8,83.23,82.37,83.16,1323812,82.85900000000001,81.5385,62.26981324028282,1.9690628813189477,2.1868550539293734,85.27246451509755,77.80453548490244,1
2024-03-28,83.67,84.75,83.23,84.53,2808951,82.866,81.8305,66.08379953879557,2.002474053773085,2.1499788538981157,85.54108741980401,78.11991258019599,0
2024-03-29,84.03,84.61,83.74,84.1,1346605,82.902,82.03599999999999,63.90043350456431,1.9715286868494104,2.1142888204883747,85.77126116891546,78.30073883108452,1
2024-04-01,83.74,84.89,83.16,84.32,1980689,83.17699999999999,82.23100000000001,64.54584630780323,1.9423660354208891,2.0799042634748774,86.01532503889504,78.44667496110497,1
2024-04-02,83.31,84.46,83.31,84.46,2289100,83.538,82.45849999999999,64.97499113479665,1.9085506699378953,2.0456335447674814,86.20421368366668,78.7127863163333,0
2024-04-03,83.81,84.46,83.09,83.09,2555654,83.581,82.675,57.624428165617616,1.751019535500376,1.9867107429140605,86.01967636700593,79.33032363299407,0
2024-04-04,83.02,83.6,82.3,82.3,2369065,83.423,82.77250000000001,53.8418691779446,1.5446231249239588,1.8982932193160402,85.94989437275389,79.59510562724613,0
2024-04-05,81.65,82.8,81.29,82.08,2764447,83.336,82.90599999999999,52.80239671365424,1.347764135156993,1.788187402484231,85.7094221943917,80.10257780560828,0
2024-04-08,82.08,82.08,81.29,81.29,1957677,83.235,83.0,49.13409604382789,1.1151508054517194,1.653580083077729,85.42934559089646,80.57065440910354,1
2024-04-09,81.29,81.72,81.21,81.57,1437679,83.08999999999999,83.0395,50.44807215165209,0.9425318057629681,1.511370427614777,85.3457478184289,80.7332521815711,1
2024-04-10,81.94,83.45,81.79,82.15,1795600,82.989,82.92399999999999,53.14794899839874,0.8428157028072576,1.3776594826532733,85.16455707358861,80.68344292641137,1
2024-04-11,81.94,83.31,81.79,82.95,1553032,82.83099999999999,82.8485,56.65594892144305,0.8189034773826052,1.2659082815991398,84.97583894807762,80.72116105192238,1
2024-04-12,83.67,83.67,82.51,83.38,1371708,82.75899999999999,82.8305,58.45646724237085,0.8251385887748768,1.1777543430342874,84.93331216469946,80.72768783530054,0
2024-04-15,83.38,83.45,80.49,80.56,3709209,82.38300000000001,82.78,45.19660068604854,0.5956630938397609,1.0613360931953821,85.04381978081472,80.51618021918529,1
2024-04-16,80.85,81.72,80.49,81.57,3651849,82.094,82.816,49.60565399792783,0.4896562178212065,0.9470001181205471,84.97644810166965,80.65555189833036,0
2024-04-17,81.65,81.65,80.56,80.71,1949454,81.856,82.71849999999999,46.197508204444944,0.33241828113635563,0.8240837507237089,85.06619908634133,80.37080091365866,0
2024-04-19,79.77,80.27,78.69,78.69,5373515,81.495,82.459,39.35756080858902,0.044298321840400945,0.6681266649470473,85.32575356457578,79.59224643542423,1
2024-04-22,79.41,80.42,78.61,79.63,2403688,81.25,82.29299999999999,43.54634012432486,-0.10695575819876524,0.5131101803178848,85.4011319148337,79.18486808516629,1
2024-04-23,80.06,81.79,79.34,81.07,4041971,81.228,82.23150000000001,49.32137921029694,-0.10936900315026321,0.38861434362425523,85.3849887030094,79.07801129699062,1
2024-04-24,82.01,86.7,81.72,86.7,10179208,81.74100000000001,82.4155,64.57819983638943,0.33910345739371905,0.37871216637814803,86.11390763031982,78.71709236968017,1
2024-04-25,88.43,92.4,88.0,88.94,5718864,82.41999999999999,82.7045,68.62529330411536,0.8652958016102872,0.4760288934245759,87.36787849632731,78.04112150367268,0
2024-04-26,88.79,90.53,88.22,88.94,3402188,83.019,82.925,68.62529330411536,1.2676938399382465,0.6343618827273101,88.27872954117109,77.5712704588289,1
2024-05-02,89.37,93.12,89.15,91.9,3477702,83.87100000000001,83.315,73.30038986454443,1.8046416609651459,0.8684178383748773,89.93980339330973,76.69019660669026,0
2024-05-03,92.47,92.69,90.67,90.89,3199400,84.904,83.64349999999999,69.49516897608993,2.124191758225919,1.1195726223450857,91.04150587996577,76.24549412003421,1
2024-05-06,91.32,92.11,89.88,92.11,2710850,85.958,84.026,71.424848836871,2.4476661448749724,1.3851913268510632,92.29330040581618,75.75869959418381,1
2024-05-07,92.4,95.0,91.83,94.78,3130425,87.365,84.6105,75.1323960990058,2.8861983151000032,1.685392724500851,94.0939687219397,75.1270312780603,0
2024-05-08,93.92,94.57,93.34,94.57,3024432,88.953,85.224,74.31567959869278,3.180134365104223,1.9843410526215257,95.57780587030724,74.87019412969276,0
2024-05-09,94.28,95.87,93.85,94.06,2208946,90.396,85.82300000000001,72.26127823492342,3.333501534023725,2.2541731489019656,96.75021940843183,74.89578059156818,1
2024-05-10,94.78,95.43,93.27,94.57,3797696,91.74600000000001,86.487,73.0632063211982,3.456356136065807,2.494609746334734,97.83745919775976,75.13654080224023,0
2024-05-13,94.78,94.93,92.98,93.63,1857811,92.439,87.09,69.0980774695366,3.4382353127532923,2.683334859618446,98.61161447020379,75.56838552979622,1
2024-05-14,93.85,95.07,93.56,94.21,2309312,92.966,87.69300000000001,70.17365910493785,3.4311237239727888,2.832892632489315,99.37851770355125,76.00748229644877,1
2024-05-15,94.93,97.09,94.78,96.81,3659473,93.753,88.386,74.46441432820583,3.5938582487291058,2.9850857557372734,100.5002501212419,76.27174987875809,1
2024-05-16,97.89,99.12,96.88,97.74,3128143,94.337,89.104,75.8051728627712,3.7545891926410064,3.13898644311802,101.6411614012108,76.5668385987892,0
2024-05-17,97.74,98.18,96.52,97.09,2314616,94.957,89.9305,72.92322764483662,3.785878801772654,3.268364914848947,102.28376916245291,77.57723083754708,0
2024-05-20,97.6,98.25,96.01,96.01,2020789,95.34700000000001,90.6525,68.27844312768775,3.681095688678951,3.3509110696149476,102.64960777646056,78.65539222353945,1
2024-05-21,96.73,98.18,96.37,98.18,3478265,95.687,91.526,72.12082300294878,3.7301562617402624,3.426760108040011,103.03428293013386,80.01771706986614,1
2024-05-22,99.55,100.85,98.25,99.62,4522916,96.192,92.57249999999999,74.34187235107454,3.8409569242613344,3.5095994712842757,102.97489948281216,82.17010051718782,0
2024-05-23,99.26,99.48,97.46,99.26,3630410,96.712,93.554,72.78081145740198,3.8552770225412445,3.5787349815356695,102.48705188611434,84.62094811388566,0
2024-05-24,99.62,99.62,94.28,95.22,13398023,96.777,94.2615,58.04931146270168,3.5002824895976943,3.5630444831480745,101.1304337600541,87.3925662399459,1
2024-05-27,96.01,96.37,94.28,95.87,5172903,97.001,94.72,59.47070963015989,3.234115462481256,3.4972586790147107,100.67176948478443,88.76823051521556,1
2024-05-28,96.73,98.9,96.08,98.9,4632228,97.47,95.218,65.36238250169549,3.230433427418731,3.443893628695515,100.80766403283876,89.62833596716125,0
2024-05-29,98.97,99.77,97.31,97.96,5844515,97.58500000000001,95.669,62.33497206971845,3.1157488309746526,3.378264669151343,100.57326304351747,90.76473695648252,0
2024-05-30,96.59,97.46,95.22,97.46,7273584,97.55699999999999,95.947,60.72384597027949,2.9505030778520904,3.2927123508914926,100.58845709880113,91.30554290119888,0
2024-05-31,97.46,98.76,96.59,97.17,2639516,97.56500000000001,96.261,59.759096686398735,2.764279162125277,3.18702571313825,100.3024398424338,92.21956015756619,1
2024-06-03,97.46,99.33,97.24,98.83,7782256,97.84700000000001,96.59700000000001,63.3486465088572,2.7192971294375923,3.0934799963981185,100.30583323971454,92.88816676028547,1
2024-06-04,100.34,100.56,99.48,100.42,7019713,98.071,96.87899999999999,66.4368681582421,2.7799032618966635,3.0307646494978275,100.84133718908568,92.9166628109143,1
2024-06-05,101.07,104.6,100.85,101.14,6336780,98.223,97.2075,67.7615531386774,2.8531427871919988,2.995240277036662,101.4304604544693,92.9845395455307,0
2024-06-06,101.28,102.29,100.2,100.78,5222139,98.375,97.54350000000001,66.35143613867838,2.8492917852189237,2.9660505786731144,101.78059936159299,93.30640063840703,1
2024-06-07,101.79,102.51,101.43,102.51,3762372,99.104,97.94050000000001,69.62292901114587,2.951809754781678,2.963202413894827,102.46680743542812,93.4141925645719,1
2024-06-10,103.59,104.67,103.23,103.95,3785656,99.912,98.45649999999999,72.05813605554226,3.1133630385726434,2.9932345388303903,103.24494139569566,93.66805860430432,1
2024-06-11,104.17,105.76,103.3,105.76,6340276,100.598,99.03399999999999,74.79343289891904,3.348843667883827,3.064356364641078,104.3872061421182,93.68079385788178,1
2024-06-12,106.91,110.93,106.83,110.34,11246768,101.836,99.7105,80.10154450155322,3.860529703180248,3.2235910323489123,106.8800257165319,92.54097428346809,0
2024-06-13,111.76,111.85,108.67,108.67,8167546,102.95700000000002,100.257,73.98370479131654,4.084209306866256,3.395714687252381,108.34930523398694,92.16469476601307,1
2024-06-14,108.75,110.84,107.83,109.5,6425220,104.19000000000001,100.87750000000001,75.00546406092477,4.279123990017794,3.572396547805464,109.76715438023396,91.98784561976606,0
2024-06-17,109.5,109.84,107.42,107.67,4890848,105.074,101.4605,68.60762648675163,4.237087072372773,3.705334652718926,110.52446706746073,92.39653293253926,0
2024-06-18,107.67,108.42,107.0,107.0,6694763,105.732,101.9015,66.37531248732918,4.102418979375997,3.7847515180503404,111.14068021255201,92.66231978744798,1
2024-06-19,107.0,111.01,105.83,109.92,9684926,106.60999999999999,102.4165,70.82995376915039,4.183093049200451,3.864419824280363,112.22056910420429,92.61243089579571,1
2024-06-20,111.18,113.43,110.17,111.43,10482529,107.675,103.025,72.83422012755375,4.319084493658934,3.955352758156077,113.46025850182991,92.5897414981701,1
2024-06-21,111.93,113.77,111.43,113.77,7663338,108.801,103.95250000000001,75.62881327677906,4.563076827708642,4.07689757206659,114.73957536823646,93.16542463176357,0
2024-06-24,112.85,113.27,110.34,110.42,13202385,109.44800000000001,104.67999999999999,65.2758930415557,4.435001570024411,4.148518371658155,115.1463422455036,94.21365775449638,0
2024-06-25,109.5,109.59,107.5,108.67,13723703,109.739,105.1685,60.6083735829162,4.14451523913192,4.147717745152908,115.41994531273585,94.91705468726414,1
2024-06-26,109.5,110.17,108.17,110.17,7158131,109.72200000000001,105.779,63.04739844871853,3.989353410208949,4.116044878164116,115.68918647655099,95.868813523449,1
2024-06-27,109.76,112.1,109.34,111.01,6409612,109.95599999999999,106.4565,64.37757269374217,3.889333704811065,4.070702643493506,115.83772012320435,97.07527987679566,0
2024-06-28,111.01,111.01,109.0,109.09,6641381,109.915,107.05250000000001,59.13754665324856,3.6134854033761457,3.9792591954700347,115.46235582516219,98.64264417483783,0
2024-07-01,109.0,109.0,107.42,107.5,6386361,109.898,107.48600000000002,55.1352543070814,3.2293480116151585,3.82927695869906,115.00212506548517,99.96987493451486,0
2024-07-02,107.5,110.42,106.58,107.0,6735345,109.898,107.81500000000001,53.899901407682506,2.851697941014777,3.6337611551622033,114.6062252208283,101.02377477917172,1
2024-07-03,109.09,111.01,108.75,109.5,7642345,109.856,108.23300000000002,58.86295980752705,2.7227504732678653,3.451559018783336,114.32221702684463,102.14378297315541,1
2024-07-04,110.42,113.52,110.42,113.52,8129152,110.06500000000001,108.87,65.32707063682528,2.9113785202095386,3.343522919068577,114.34142760164241,103.3985723983576,1
2024-07-05,113.77,116.78,113.77,115.94,7807749,110.28200000000001,109.54150000000001,68.53267268406205,3.2190343573266915,3.3186252067202,115.02236954780119,104.06063045219884,1
2024-07-08,115.77,116.69,114.94,116.69,5876745,110.90899999999999,110.17849999999999,69.47458658674327,3.483220162961757,3.351544197968512,115.86920215351446,104.4877978464855,0
2024-07-09,116.28,116.44,113.68,114.94,9689262,111.53600000000002,110.6375,64.61451249395888,3.5109073877418098,3.383416835923172,116.30945865640912,104.96554134359089,0
2024-07-10,113.68,114.52,112.01,112.01,6309470,111.72,110.721,57.377300626571326,3.2588571235353925,3.358504893445616,116.42207674040742,105.01992325959259,0
2024-07-11,112.1,113.18,110.76,111.18,6857179,111.737,110.84649999999999,55.481534182459356,2.9580330461823934,3.2784105239929717,116.47145253313433,105.22154746686566,1
2024-07-12,110.51,113.68,110.51,111.85,3562395,112.013,110.96399999999998,56.724525100307176,2.7420821816330943,3.1711448555209962,116.56968069015835,105.35831930984162,0
2024-07-15,111.59,112.68,110.59,110.93,3074934,112.356,111.127,54.475338877625475,2.4682507956570703,3.030566043548211,116.52584469122925,105.72815530877074,1
2024-07-16,111.68,112.43,110.59,112.01,4007693,112.85700000000001,111.37749999999998,56.648439768765975,2.3117361679475437,2.886800068428078,116.44169144582965,106.31330855417032,0
2024-07-17,112.01,112.1,108.59,110.26,6980219,112.93300000000002,111.39450000000002,52.29259551242947,2.0231650360617692,2.7140730619548163,116.44125925718818,106.34774074281187,0
2024-07-18,109.84,109.84,106.83,106.91,10828773,112.272,111.1685,45.1375298934164,1.506784063375619,2.472615262238977,116.58028076052739,105.7567192394726,0
2024-07-19,107.5,108.08,105.33,105.33,6581002,111.21100000000001,110.7465,42.204420078920755,0.9590008618309014,2.169892382157362,116.58080295751039,104.91219704248961,0
2024-07-22,105.33,105.33,102.98,103.74,6242427,109.91599999999998,110.4125,39.42779199776433,0.39205959723798856,1.8143258251734875,116.99959002519431,103.82540997480568,1
2024-07-23,104.41,106.58,104.32,104.91,5323805,108.91300000000001,110.22449999999999,42.429268468368015,0.03674026347158588,1.4588087128331073,117.20279628204581,103.24620371795417,1
2024-07-24,104.91,105.83,103.65,105.33,4160841,108.245,109.9825,43.5113765532097,-0.20855824889208918,1.125335320488068,117.27996497079737,102.68503502920264,0
2024-07-25,103.82,104.91,103.74,104.49,2569074,107.576,109.65650000000001,41.81839984289621,-0.4653755078791022,0.807193154814634,117.31484518678903,101.99815481321099,1
2024-07-26,105.24,107.0,103.99,107.0,3959362,107.09100000000001,109.55199999999999,48.292518629456424,-0.4610542662549051,0.5535436706007263,117.29498288775162,101.80901711224837,1
2024-07-29,108.67,109.17,107.83,107.83,4867859,106.78099999999999,109.5685,50.26339853994671,-0.38620367220455876,0.3655942020396693,117.295311179265,101.841688820735,0
2024-07-30,107.83,108.25,106.16,107.0,2383126,106.28,109.5685,48.28154033533516,-0.38936968914853765,0.2146014238020279,117.295311179265,101.841688820735,1
2024-07-31,106.41,107.5,105.83,107.5,2875191,106.00399999999999,109.46849999999999,49.57149201789091,-0.3475268854533766,0.102175761950947,117.24785800693184,101.68914199306815,0
2024-08-01,108.33,108.42,103.74,104.32,6904015,105.74499999999998,109.00849999999998,42.33868289391006,-0.5644588553736725,-0.031151161513976885,116.86282944305333,101.15417055694664,0
2024-08-02,102.07,104.32,101.15,102.98,9975015,105.50999999999999,108.36049999999997,39.70943756475573,-0.834881807814071,-0.1918972907739957,115.9545963254369,100.76640367456305,0
2024-08-05,101.23,102.73,98.14,99.14,10450171,105.05,107.48300000000002,33.32311970859712,-1.3435621060757654,-0.42223025383434964,115.0802155425534,99.88578445744663,1
2024-08-06,100.31,101.9,100.14,100.98,6748144,104.657,106.785,38.43262348365777,-1.5800089254423284,-0.6537859881559455,114.07233833439993,99.49766166560006,1
2024-08-07,101.15,101.98,100.48,101.98,2832328,104.322,106.2835,41.07543795595737,-1.667481403003677,-0.8565250711254918,113.44288342317374,99.12411657682627,0
2024-08-08,101.65,102.32,101.06,101.48,2663832,104.021,105.79850000000002,40.14747852366146,-1.7568973737084121,-1.036599531642076,112.8791391660651,98.71786083393494,1
2024-08-09,102.32,106.08,101.98,106.08,5511755,103.929,105.50999999999999,51.094109334214636,-1.439979431967572,-1.1172755117071753,112.02876061840092,98.99123938159906,1
2024-08-12,106.08,108.84,105.49,108.67,6204408,104.013,105.397,55.97626397548934,-0.9686621906382413,-1.0875528474933884,111.60707278540397,99.18692721459604,0
2024-08-13,108.42,108.84,107.0,108.42,4110939,104.155,105.2175,55.40135947462848,-0.6083006803017241,-0.9917024140550557,110.83154266104337,99.60345733895663,0
2024-08-14,109.25,109.92,108.25,108.25,2869469,104.22999999999999,105.11699999999999,54.987786989598774,-0.3325952157326242,-0.8598809743905693,110.43027808419762,99.80372191580236,0
2024-08-15,107.92,108.25,107.16,107.58,2266445,104.556,105.15050000000001,53.29905289317784,-0.1662436954493245,-0.7211535186023205,110.51675931166348,99.78424068833654,1
2024-08-16,107.92,109.5,107.92,109.17,5109223,105.175,105.3425,56.697750266054655,0.09282081412248999,-0.5583586520573584,110.98821651785802,99.69678348214198,0
2024-08-19,109.59,109.84,108.67,109.09,2508560,106.17,105.61000000000001,56.475049876484476,0.28835203029272805,-0.38901651558734107,111.4309140175762,99.78908598242383,1
2024-08-20,109.25,110.76,109.25,109.92,3753490,107.064,105.8605,58.30488966284434,0.5044707662632391,-0.21031905921722505,111.96371710248086,99.75728289751915,1
2024-08-21,109.17,111.85,109.17,111.59,6137230,108.025,106.17350000000002,61.786018782206455,0.801264980869604,-0.008002251199859256,112.75882694708585,99.58817305291419,1
2024-08-22,112.01,112.43,111.59,111.85,3032995,109.06199999999998,106.5415,62.31356632712063,1.0454055765769397,0.20267931435550054,113.52021986828636,99.56278013171364,0
2024-08-23,111.76,111.76,110.68,111.26,3064441,109.58,106.75450000000001,60.27992041637753,1.177704840147328,0.39768441951386607,114.02992844099334,99.47907155900667,0
2024-08-26,111.43,111.59,109.92,109.92,2598875,109.705,106.859,55.82386956996851,1.1610423846523759,0.5503560125415681,114.25230210393264,99.46569789606735,1
2024-08-27,109.92,110.84,109.0,110.76,2346895,109.93900000000001,107.047,57.923653747641424,1.201765049040631,0.6806378198413807,114.6337729635211,99.4602270364789,1
2024-08-28,111.18,112.43,111.09,111.43,2721387,110.25699999999999,107.2435,59.57419310458083,1.2734222356805418,0.799194703009213,115.0669117237951,99.4200882762049,1
2024-08-29,111.01,111.85,110.51,111.76,2098979,110.675,107.6155,60.39819212837185,1.3413767581399298,0.9076311140353565,115.55417866839404,99.67682133160595,1
2024-08-30,111.59,112.76,111.18,112.68,3327420,111.026,108.10050000000001,62.68192748242918,1.452721449432758,1.0166491811148368,116.0323332685461,100.16866673145392,0
2024-09-04,111.18,111.18,109.92,111.18,4547807,111.23499999999999,108.70250000000001,56.91860253611272,1.4037439688281808,1.0940681386575057,115.58021146530695,101.82478853469308,0
2024-09-05,111.18,111.18,108.42,109.17,8071651,111.16000000000001,109.11200000000001,50.25106436597822,1.189032336231108,1.1130609781722263,115.00678277801774,103.21721722198228,1
2024-09-06,109.09,111.09,108.92,110.42,3829410,111.043,109.53400000000002,53.87009671330581,1.1069758453219407,1.1118439516021692,114.45387967332682,104.61412032667322,0
2024-09-09,109.34,110.26,108.75,109.76,2891093,110.83400000000002,109.94800000000001,51.730301144252884,0.9774218898196239,1.0849595392456601,113.19707125191404,106.69892874808598,0
2024-09-10,109.5,109.5,108.33,108.67,4203583,110.575,110.07750000000001,48.3168742552501,0.7778292250834085,1.0235334764132098,112.87459760287594,107.28040239712409,1
2024-09-11,108.67,109.76,108.5,109.17,3196732,110.5,110.1025,49.94839207762833,0.6524750948760101,0.9493218001057698,112.85745099775191,107.3475490022481,1
2024-09-12,109.5,110.76,109.5,110.59,4124400,110.48300000000002,110.21100000000001,54.35532271605133,0.660103909159389,0.8914782219164937,112.8612897954779,107.56071020452212,1
2024-09-13,110.51,111.51,110.34,111.18,3191984,110.458,110.3575,56.08543817106208,0.705623875801237,0.8543073526934424,112.8787843949095,107.8362156050905,0
2024-09-16,110.17,111.18,109.59,109.59,1921844,110.24100000000001,110.45800000000001,50.52716747839304,0.6064087627622143,0.8047276347071969,112.66964734983094,108.24635265016909,1
2024-09-17,109.67,111.09,109.67,111.09,2656869,110.08200000000002,110.554,55.05272189630159,0.6414236028283682,0.7720668283314311,112.69937083041933,108.40862916958068,1
2024-09-18,111.51,113.02,111.09,112.51,5390349,110.215,110.725,58.88685740937038,0.7748235646713226,0.7726181755994095,112.92094626528385,108.52905373471614,1
2024-09-19,112.85,113.52,112.26,113.02,5162767,110.6,110.88,60.20000515460839,0.9111930668027526,0.8003331538400782,113.25694762248014,108.50305237751985,1
2024-09-20,113.94,114.52,112.85,113.1,3728818,110.86800000000001,110.9555,60.413596405987974,1.014033069135877,0.8430731368992379,113.50735011315595,108.40364988684405,0
2024-09-23,113.6,113.6,111.51,112.01,2449563,111.093,110.96350000000002,56.00360613570192,0.9960982211730993,0.8736781537540103,113.52749122463672,108.39950877536333,1
2024-09-24,112.01,112.6,111.76,112.43,2017214,111.46900000000001,111.022,57.29710986822743,1.0041994289382075,0.8997824087908497,113.66262568343453,108.38137431656548,1
2024-09-25,112.26,112.68,111.68,112.68,4486319,111.82000000000001,111.16,58.08701439883585,1.0190456808460482,0.9236350632018895,113.8439597612509,108.47604023874909,0
2024-09-26,112.85,112.85,111.93,112.26,2821536,111.98700000000001,111.23500000000001,56.20599220543557,0.9855600299949714,0.9360200565605059,113.95366511361992,108.51633488638011,0
2024-09-27,112.26,112.35,111.59,112.18,3358474,112.08699999999999,111.2725,55.8351001385954,0.9417116137441752,0.9371583679972397,114.021411602801,108.52358839719899,1
2024-09-30,112.18,112.43,111.18,112.43,3037449,112.37100000000001,111.30600000000001,56.79458431803752,0.9165687051289524,0.9330404354235823,114.09391248069484,108.51808751930518,1
2024-10-01,112.6,113.85,112.6,113.6,4732079,112.622,111.352,61.05845728396399,0.9797579510272385,0.9423839385443136,114.25697917376596,108.44702082623405,0
2024-10-02,112.51,113.6,112.51,113.18,1725815,112.68900000000001,111.452,58.81457960466911,0.9845955886851243,0.9508262685724758,114.46219999335823,108.44180000664177,0
2024-10-03,113.18,113.77,112.01,112.01,2306560,112.58800000000001,111.59400000000001,52.97422498504275,0.8838319647568369,0.9374274078093481,114.4226774294737,108.76532257052632,1
2024-10-04,112.26,112.68,111.59,112.1,1473158,112.48800000000001,111.678,53.35790887527592,0.8019934335907379,0.9103406129656261,114.4616565880176,108.89434341198239,0
2024-10-07,112.18,112.76,111.68,112.1,1336595,112.497,111.795,53.357908875275925,0.7287353999581399,0.8740195703641288,114.43959070557503,109.15040929442497,0
2024-10-08,112.1,112.93,111.68,111.85,2114750,112.439,111.954,51.99132787415897,0.6430918077963383,0.8278340178505708,114.17665966805845,109.73134033194154,1
2024-10-09,112.26,113.52,112.26,113.18,2626409,112.489,112.15450000000001,58.1344567241432,0.6747603118542145,0.7972192766512995,114.03330254417907,110.27569745582096,1
2024-10-10,113.52,118.7,113.52,118.45,9980507,113.10800000000002,112.54749999999999,72.9205496919389,1.1122811020778443,0.8602316417366086,115.76452269187108,109.33047730812889,0
2024-10-11,118.7,119.37,116.69,116.69,3824418,113.559,112.82300000000001,64.70189997258474,1.3019936174715383,0.9485840368835945,116.44290110362334,109.20309889637667,0
2024-10-14,117.95,118.11,114.6,115.02,5616349,113.81800000000001,113.0945,58.01976850823384,1.3025718717831865,1.019381603863513,116.5126484754196,109.6763515245804,0
2024-10-15,115.02,115.86,114.19,114.52,2869640,113.91,113.266,56.150007841110906,1.2482947562520366,1.0651642343412178,116.60798982643773,109.92401017356228,0
2024-10-16,114.02,114.6,113.68,113.94,2762322,113.98600000000002,113.3375,53.97699927757061,1.1452765631008361,1.0811867000931414,116.6729152665018,110.00208473349821,1
2024-10-17,114.1,114.6,113.27,114.52,2584896,114.23700000000001,113.4125,55.818356977746184,1.0977805250125527,1.0845054650770236,116.78325584995608,110.04174415004391,0
2024-10-18,114.85,115.19,114.19,114.52,2175065,114.479,113.4835,55.818356977746184,1.0480582099859959,1.077216014058818,116.88461908053999,110.08238091946002,0
2024-10-21,114.52,115.11,113.27,113.27,2688428,114.596,113.5465,50.74380562459218,0.8974431972445132,1.0412614506959572,116.88215750640155,110.21084249359843,0
2024-10-22,113.43,113.43,111.18,111.26,6022016,114.537,113.48799999999999,43.84173960536603,0.6088708288887261,0.954783326334511,116.93897435516595,110.03702564483402,1
2024-10-23,111.09,112.68,110.84,112.18,3019672,114.43700000000001,113.46300000000001,47.370344671944956,0.44923298098733255,0.8536732572650754,116.94413831957496,109.98186168042506,1
2024-10-24,112.18,112.26,111.85,112.26,2281798,113.81800000000001,113.463,47.67820863443619,0.3254228952413598,0.7480231848603323,116.94413831957495,109.98186168042504,0
2024-10-25,112.26,112.51,111.68,112.01,1843711,113.35,113.45450000000001,46.75772430369546,0.20476914834361537,0.639372377556989,116.94893257196547,109.96006742803455,1
2024-10-28,112.1,112.85,111.68,112.76,1509996,113.124,113.47099999999998,49.88367162189325,0.16773536774461206,0.5450449755945136,116.94900460034386,109.9929953996561,1
2024-10-29,113.18,113.27,112.68,113.18,2462885,112.99000000000001,113.45,51.59749321167384,0.17031305681666709,0.4700985918389443,116.92970688420924,109.97029311579077,1
2024-10-30,113.18,113.6,113.02,113.6,1713550,112.95599999999999,113.471,53.316717096099275,0.20389599774986777,0.41685807302112904,116.94900460034388,109.99299539965612,0
2024-10-31,113.6,113.68,113.1,113.6,1244928,112.864,113.55049999999999,53.316717096099275,0.22788381759495735,0.37906322193589476,116.96336668359797,110.137633316402,0
2024-11-01,112.85,112.85,111.68,112.51,2676189,112.66299999999998,113.571,48.16724228477516,0.15712916000811106,0.334676409550338,116.95356056856534,110.18843943143466,0
2024-11-04,112.51,112.51,110.93,111.01,3188263,112.43699999999998,113.5165,42.13605451807005,-0.019754166135513174,0.26379029441316776,117.02489151179185,110.00810848820814,0
2024-11-05,111.18,112.01,110.59,110.84,1663185,112.39500000000001,113.46600000000001,41.501804637084,-0.17167410352854517,0.17669741482482518,117.09586170535644,109.83613829464358,1
2024-11-06,111.26,112.51,111.18,112.51,1805646,112.428,113.43249999999998,49.53756478063899,-0.15552392224356026,0.1102531474111481,117.08460008077722,109.78039991922273,1
2024-11-07,113.1,115.02,112.18,112.93,3579749,112.495,113.15650000000001,51.34767732327835,-0.10759402041351507,0.06668371384621546,115.99350035248735,110.31949964751267,1
2024-11-08,113.77,114.35,112.93,113.52,2110766,112.646,112.998,53.85193094889779,-0.02175043327700621,0.04899688442157113,115.33838116553979,110.65761883446022,1
2024-11-11,114.1,116.61,113.68,115.61,5301235,112.931,113.0275,61.426278532198985,0.21247745332028956,0.08169299820131481,115.48121453107596,110.57378546892404,0
2024-11-12,115.86,116.11,113.6,114.35,2921656,113.048,113.019,55.510944716667495,0.29305511429171816,0.12396542141939548,115.45307395122116,110.58492604877885,1
2024-11-13,114.27,115.44,113.77,115.19,3460835,113.207,113.0815,58.387930976089606,0.41985464793836513,0.18314326672318942,115.66647408111055,110.49652591888946,0
2024-11-14,115.27,116.94,113.68,113.68,4743684,113.215,113.0395,51.89165494374451,0.3939585030981334,0.22530631399817824,115.55600928868013,110.52299071131988,0
2024-11-15,113.1,113.43,110.84,111.93,6574421,113.157,112.91,45.564432097159866,0.22957880553842358,0.22616081230622734,115.37445937276584,110.44554062723415,1
2024-11-18,112.01,112.51,110.76,112.01,3910975,113.25699999999999,112.84700000000001,45.88924689702601,0.10455677690288212,0.2018400052255583,115.33572738563578,110.35827261436424,0
2024-11-19,111.59,111.68,108.59,108.67,7652727,113.04,112.71750000000002,36.18216375917847,-0.2610252315939334,0.10926695786165996,115.73618100335455,109.69881899664549,1
2024-11-20,108.67,110.68,105.91,110.68,8474055,112.857,112.6425,43.87627686578949,-0.3841333552698529,0.010586895235357385,115.7829514006769,109.5020485993231,1
2024-11-21,110.68,111.18,109.5,111.18,3183165,112.68200000000002,112.58850000000002,45.632244573205256,-0.43632196093878406,-0.07879487599947091,115.78995138960654,109.3870486103935,1
2024-11-22,111.09,112.35,110.76,111.93,2920914,112.523,112.5845,48.247862388460206,-0.4124090797855189,-0.14551771675668052,115.78903101093023,109.37996898906978,0
2024-11-25,112.01,112.01,111.34,111.93,1855059,112.15500000000002,112.543,48.247862388460206,-0.38897409791574944,-0.1942089929884943,115.75884265784468,109.32715734215533,1
2024-11-26,111.51,113.6,111.43,113.02,4182343,112.022,112.535,52.129669161495556,-0.2792290369304169,-0.21121300177687885,115.74525544155189,109.3247445584481,1
2024-11-27,113.02,116.78,113.02,116.11,9826373,112.114,112.6605,61.049144117173455,0.05643138449033813,-0.15768412452343547,116.20620430239374,109.11479569760625,1
2024-11-28,116.53,117.03,115.61,116.53,4750858,112.399,112.80700000000002,62.083283499162434,0.35227437694830144,-0.055692424229088086,116.71906390541024,108.8949360945898,1
2024-11-29,116.53,121.54,116.19,120.62,11617080,113.268,113.2125,70.34125743106466,0.9063134807037017,0.13670875675746985,118.39298984170546,108.03201015829455,0
2024-12-02,121.46,122.89,119.19,119.69,6629554,114.03599999999999,113.64650000000002,66.77976522717242,1.2558733086521983,0.36054166713641556,119.43488932692105,107.85811067307898,1
2024-12-03,119.27,122.81,119.27,122.05,5115471,115.374,114.207,70.8176659150522,1.703695130450555,0.6291723597992435,120.900077319142,107.51392268085799,0
2024-12-04,122.05,123.14,120.2,120.79,5618586,116.38500000000002,114.62100000000001,66.19172719787683,1.9346245335068204,0.8902627945407589,121.84615854497417,107.39584145502585,1
2024-12-05,121.21,125.0,120.87,125.0,4862983,117.76700000000001,115.22449999999999,72.62591954541524,2.4293455811035187,1.1980793518533108,123.69320114008121,106.75579885991877,1
2024-12-06,127.86,127.86,124.57,125.84,4554818,119.15799999999999,115.84049999999999,73.70135964368127,2.8562712385527504,1.529717729193199,125.44038432222038,106.2406156777796,0
2024-12-09,125.58,125.84,122.98,123.73,4551406,120.338,116.2465,66.62114194750218,2.989887964604975,1.8217517762755544,126.44143261380441,106.05156738619559,1
2024-12-10,123.82,125.84,123.73,125.84,3603755,121.61999999999998,116.821,69.75062236584559,3.2288197247358568,2.103165365967615,127.78932512282586,105.85267487717414,1
2024-12-11,126.26,127.69,126.01,126.68,4828035,122.67699999999999,117.3955,70.91953906727863,3.4462298533314453,2.3717782634403815,129.13823813895263,105.65276186104737,0
2024-12-12,127.86,127.86,125.58,126.43,4158310,123.667,118.03299999999999,70.0519131299521,3.5573491295435673,2.608892436661019,130.27349525141904,105.79250474858092,0
2024-12-13,125.84,127.02,125.75,125.84,3387167,124.189,118.72850000000001,67.93946793712158,3.5568032732477377,2.7984746039783626,131.08306883100389,106.37393116899614,1
2024-12-16,125.92,126.76,125.84,126.17,3296592,124.83700000000002,119.4365,68.51142712288139,3.542167023748192,2.9472130879323286,131.79278791344763,107.08021208655235,0
2024-12-17,126.34,126.68,124.32,124.57,5958677,125.08899999999998,120.23150000000001,62.67337310399341,3.362697973299845,3.030310065005832,131.73092655092037,108.73207344907966,1
2024-12-18,124.57,126.09,124.57,125.16,2927454,125.526,120.9555,63.8951376026756,3.2308325010306334,3.0704145522107926,131.76067926737042,110.15032073262958,0
2024-12-19,123.99,125.42,123.9,124.66,4811922,125.492,121.62949999999998,62.041794679761196,3.0508144529447065,3.0664945323575754,131.5576105453158,111.70138945468415,1
2024-12-20,125.0,126.76,124.83,125.84,3544255,125.492,122.325,64.64794423440745,2.9691386095389873,3.047023347793858,131.34509423454162,113.30490576545839,1
2024-12-23,125.84,126.17,125.16,126.09,2520029,125.728,123.03300000000002,65.1932002219755,2.8912542466480176,3.01586952756469,130.8163722768483,115.24962772315172,1
2024-12-24,126.26,126.93,125.75,126.6,2306686,125.80400000000002,123.71200000000002,66.33395607628665,2.8379687287517044,2.980289367802093,130.13301113532836,117.29098886467169,1
2024-12-25,126.76,127.27,126.6,126.93,2517969,125.829,124.253,67.0856522026708,2.790204078220384,2.9422723098857513,129.78216666415565,118.72383333584435,0
2024-12-26,127.1,127.44,125.5,126.09,2238343,125.795,124.731,63.21637499882315,2.6539758867417618,2.8846130252569533,129.02095524452295,120.44104475547705,0
2024-12-27,125.84,126.17,125.16,125.92,2567003,125.80300000000003,124.99600000000001,62.431575330836665,2.503438404680267,2.8083781011416162,128.8722734681663,121.11972653183373,1
2024-12-30,125.75,126.93,125.0,126.68,1986819,125.854,125.34549999999999,64.55037649751938,2.4175935010174925,2.7302211811167916,128.4233789774794,122.26762102252057,1
2024-12-31,126.85,129.54,126.51,128.36,3612655,126.23300000000002,125.66100000000002,68.74648287484408,2.4568022687914777,2.675537398651729,128.61405875322683,122.70794124677319,0
2025-01-02,128.36,128.53,126.34,127.94,3179535,126.51100000000001,126.01850000000002,66.62330808987936,2.4260193686851608,2.6256337926584155,128.1404733740105,123.89652662598954,0
2025-01-03,127.35,127.35,125.42,125.42,4342125,126.58699999999999,126.03950000000002,55.53983688516541,2.1732291265085877,2.5351528594284503,128.12880107931085,123.95019892068919,1
2025-01-06,125.5,126.43,124.91,125.67,3472044,126.57000000000001,126.03099999999999,56.316251415193115,1.9703509695154366,2.422192481445848,128.12485672862528,123.9371432713747,1
2025-01-07,125.84,127.35,125.84,126.34,3458671,126.595,126.1615,58.412325902631835,1.8423939978596593,2.3062327847286106,127.97155276166453,124.35144723833548,0
2025-01-08,126.26,126.26,124.66,124.83,3886957,126.418,126.11099999999999,52.3192680645852,1.600691025789061,2.1651244329407007,128.00836554201064,124.21363445798933,1
2025-01-09,124.83,125.58,124.57,125.25,1724571,126.25000000000003,126.0395,53.763938096865814,1.4265853807105344,2.0174166224946672,127.95341196245006,124.12558803754995,0
2025-01-10,125.25,125.5,123.9,123.99,2531304,126.04,125.91749999999999,48.97030794262698,1.1734076202562989,1.8486148220469938,128.01824153574623,123.81675846425375,1
2025-01-13,122.98,125.0,121.8,124.24,3495883,125.87199999999999,125.8375,49.924321271888516,0.9816198293561769,1.6752158235088306,128.0621606482809,123.61283935171913,0
2025-01-14,124.24,124.57,122.13,122.13,2910614,125.417,125.63550000000001,42.673076300304466,0.6518531005386308,1.4705432789147908,128.3764668002385,122.89453319976153,1
2025-01-15,122.89,123.31,121.88,122.47,2849518,124.828,125.53049999999999,44.082461158214706,0.4131828360742986,1.2590711903466922,128.5711938352964,122.48980616470358,1
2025-01-16,123.06,123.73,122.22,123.31,3577267,124.36500000000001,125.43800000000002,47.51556205462037,0.28849037433073477,1.0649550271435007,128.62708513527153,122.24891486472852,1
2025-01-17,123.4,126.34,122.89,125.42,3543613,124.36500000000001,125.476,54.99083903107144,0.35582829889825973,0.9231296814944525,128.64514751944583,122.30685248055417,1
2025-01-20,125.42,126.6,124.74,126.26,2222776,124.424,125.497,57.581067022238656,0.47153945576570777,0.8328116363487036,128.68104836646833,122.31295163353167,0
2025-01-21,126.68,127.44,125.42,126.17,2487666,124.40700000000001,125.501,57.20123603250786,0.5496431888582691,0.7761779468506168,128.68821759533446,122.31378240466553,0
2025-01-22,125.92,126.76,125.58,126.01,2791445,124.525,125.47149999999999,56.48784466865464,0.5918082995278269,0.7393040173860589,128.62825957272796,122.31474042727203,1
2025-01-23,126.34,131.31,126.26,129.88,7071025,124.98799999999999,125.619,67.15720178963534,0.9268173372372814,0.7768066813563035,129.2713466429146,121.96665335708539,0
2025-01-24,129.71,130.05,129.12,129.12,3663137,125.50099999999998,125.7705,63.84626809484593,1.1181000039642157,0.845065345877886,129.72712217048957,121.81387782951045,0
2025-02-03,124.57,125.58,122.3,122.47,12782345,125.324,125.598,43.59388283523035,0.7247391302720558,0.82100010275672,129.80632793399107,121.38967206600893,1
2025-02-04,122.89,123.73,122.3,123.06,5484258,125.417,125.417,45.25314454822494,0.4553568032451665,0.7478714428544093,129.7336102441626,121.10038975583738,1
2025-02-05,123.65,124.15,122.72,123.14,5215921,125.484,125.15599999999999,45.487302558080344,0.2454947885859866,0.6473961120007248,129.35901510823,120.95298489176997,1
2025-02-06,123.73,123.99,122.55,123.31,3436430,125.484,124.9245,46.01570027080386,0.09183657438194359,0.5362842044769686,128.99664673114927,120.8523532688507,0
2025-02-07,123.31,123.48,122.72,122.98,3871195,125.23999999999998,124.80249999999998,45.1017834438687,-0.055922272352077584,0.4178429091111594,128.95339809559445,120.6516019044055,0
2025-02-10,122.47,122.47,119.52,119.52,7778331,124.56599999999999,124.495,36.840104191367075,-0.447061855720861,0.2448619561447553,129.21540040674623,119.77459959325377,1
2025-02-11,119.69,122.39,117.93,122.39,5374143,124.18799999999999,124.29749999999999,45.721705766289794,-0.5194696563007284,0.09199563365565858,129.023127471565,119.57187252843495,0
2025-02-12,122.55,122.64,121.46,122.05,1894041,123.79199999999999,124.1585,44.915897591823814,-0.5974020395892268,-0.0458839009933185,128.97594859858518,119.34105140141483,0
2025-02-13,122.05,122.05,120.11,120.45,2864744,122.849,123.9185,41.23307563374012,-0.7792875018284775,-0.1925646211603503,128.9672355842835,118.8697644157165,1
2025-02-14,121.21,122.05,120.87,121.97,3258612,122.13399999999999,123.8175,45.78126279465957,-0.7916560263540617,-0.3123829021990926,128.93680024515172,118.69819975484829,0
2025-02-17,122.05,122.05,120.7,120.87,2476462,121.974,123.649,43.17696152255371,-0.8800740324484195,-0.425921128248958,128.92114529390176,118.37685470609824,1
2025-02-18,121.04,121.54,120.45,121.12,1670138,121.78,123.59849999999999,43.95724947961556,-0.9193750454004288,-0.5246119116792523,128.94667828797904,118.25032171202095,1
2025-02-19,121.12,121.97,120.45,121.21,3035921,121.58700000000002,123.5355,44.25402709076879,-0.9325097416403167,-0.6061914776714652,128.96444271474755,118.10655728525245,0
2025-02-20,121.38,121.71,120.37,120.37,3392942,121.293,123.3885,42.01755281353847,-0.9991821134335055,-0.6847896048238733,128.9903649573165,117.7866350426835,0
2025-02-21,120.2,120.28,119.1,119.52,5328132,120.947,123.09350000000002,39.824324464560135,-1.1078378792152535,-0.7693992597021493,128.85548325231954,117.3315167476805,0
2025-02-24,119.52,119.52,117.42,118.26,7522473,120.821,122.6935,36.76110602013647,-1.2808549278566232,-0.8716903933330441,128.62878861977333,116.75821138022667,0
2025-02-25,118.18,118.18,116.33,117.0,6832220,120.282,122.23499999999999,33.948943011000566,-1.5023257787539137,-0.997817470417218,128.43602733424154,116.03397266575843,1
2025-02-26,117.08,119.36,116.92,119.36,3331505,120.013,121.9025,42.77847159553186,-1.4704601972204046,-1.0923460157778555,127.96991419387298,115.83508580612703,0
2025-02-27,119.52,119.69,118.43,118.94,3433107,119.862,121.3555,41.70986344141383,-1.4622411781018911,-1.1663250482426628,126.31975815203154,116.39124184796847,0
2025-02-28,117.93,118.77,117.0,118.09,4704828,119.474,120.804,39.556273991485675,-1.506944326335514,-1.2344489038612332,124.47856881824409,117.12943118175592,1
2025-03-03,118.26,119.02,118.09,118.26,2546980,119.21300000000001,120.59349999999999,40.22106782004733,-1.5112337521443635,-1.2898058735178592,124.34376545727257,116.84323454272742,0
2025-03-04,117.42,118.35,117.25,117.84,3480042,118.88499999999999,120.33250000000001,39.07753671301126,-1.5308766498334023,-1.338020028780968,124.08638265666525,116.57861734333477,0
2025-03-05,117.84,117.93,117.08,117.08,2862185,118.47200000000001,120.02950000000001,37.02613035284788,-1.5894472773694588,-1.3883054784986664,123.80623655422407,116.25276344577595,1
2025-03-06,117.42,120.79,117.42,119.19,6428376,118.354,119.82350000000001,45.569350214558085,-1.4489034980615827,-1.4004250824112496,123.29950503452058,116.34749496547944,0
2025-03-07,119.27,120.11,118.77,119.02,2966941,118.304,119.62550000000002,45.039195079677604,-1.3358403832413188,-1.3875081425772635,122.79760009300031,116.45339990699972,0
2025-03-10,119.1,119.1,117.17,117.25,5343134,118.203,119.51200000000001,39.84188061809376,-1.3732314997412232,-1.3846528140100556,122.84922399608008,116.17477600391994,0
2025-03-11,116.16,116.58,115.32,115.74,5801595,118.077,119.1795,36.022836739750474,-1.5073330126714524,-1.409188853742335,122.6267973472001,115.73220265279991,0
2025-03-12,115.91,116.75,114.39,114.39,6229823,117.58,118.7965,32.9791767638379,-1.7029130240820507,-1.4679336878102782,122.56969639033181,115.02330360966818,1
2025-03-13,114.56,116.16,114.56,114.9,3630282,117.17600000000002,118.51899999999998,35.20643805821054,-1.79605504984157,-1.5335579602165366,122.57100148075159,114.46699851924836,0
2025-03-14,114.14,114.73,110.1,110.6,16174178,116.42699999999999,117.95049999999999,27.045509990495958,-2.191581650652097,-1.6651626983036487,122.97903646700644,112.92196353299354,0
2025-03-17,110.77,111.19,109.09,109.42,6750806,115.543,117.378,25.311567318823947,-2.5706229287725932,-1.8462547443974378,123.44630651829769,111.30969348170231,0
2025-03-18,109.51,111.28,109.42,109.42,5538119,114.701,116.793,25.311567318823947,-2.8382977429265708,-2.0446633441032644,123.52507872800182,110.0609212719982,0
2025-03-19,109.51,109.93,103.95,104.88,18229064,113.481,115.97650000000002,19.681224015812163,-3.377834446404165,-2.3112975645634446,124.17016407659085,107.78283592340918,1
2025-03-20,104.88,106.73,104.79,105.22,8231543,112.08399999999999,115.21899999999998,21.096752023332556,-3.734932040907651,-2.596024459832286,124.3907389845119,106.04726101548806,1
2025-03-21,105.22,108.58,105.22,107.74,6450846,110.95599999999999,114.63,30.827400604556075,-3.7711203894114362,-2.8310436457481165,124.12844618872033,105.13155381127966,1
2025-03-24,108.16,108.83,107.15,108.58,5114180,110.08899999999998,114.146,33.75985722317823,-3.6894888061661106,-3.002732677831715,123.83973901031054,104.45226098968946,0
2025-03-25,109.26,109.34,106.48,106.48,5662235,109.16299999999998,113.62,30.301382287200397,-3.751008348567467,-3.1523878119788655,123.76821757748704,103.47178242251297,0
2025-03-26,106.48,106.48,103.28,103.53,9787345,108.077,112.82849999999999,26.23545152366782,-3.9917885216902533,-3.3202679539211433,123.51739755774734,102.13960244225264,1
2025-03-27,102.69,106.48,101.93,106.23,6486187,107.21,112.19299999999998,34.85185494772006,-3.9195588736048137,-3.4401261378578774,122.8642250468265,101.52177495317346,0
2025-03-28,106.14,106.39,104.37,104.37,2959445,106.58699999999999,111.50700000000002,32.07249411060599,-3.9666774242660097,-3.545436395139504,122.3364784731315,100.67752152686853,0
2025-03-31,103.87,103.87,101.85,101.85,5435725,105.83,110.6865,28.729611893126844,-4.1594150075559355,-3.6682321176227903,121.82722039861062,99.54577960138937,0
2025-04-01,102.69,102.86,100.0,101.43,7866837,105.03099999999999,109.86599999999999,28.202015377147546,-4.296523769306674,-3.7938904479595674,121.1940543784014,98.53794562159857,1
2025-04-02,102.02,102.94,101.68,102.69,3932911,104.81199999999998,109.14649999999999,32.223244971009365,-4.254469109489662,-3.8860061802655865,120.37791714121686,97.91508285878312,0
2025-04-03,96.55,98.99,95.54,95.54,11536434,103.84400000000001,107.96399999999998,24.0065586940202,-4.743406693855363,-4.057486282983541,119.6859663879411,96.24203361205888,0
2025-04-04,88.89,95.87,88.89,95.11,21606397,102.58099999999999,106.76849999999999,23.61653525012447,-5.106723528399954,-4.267333732066824,118.61272437308673,94.92427562691324,0
2025-04-08,89.22,90.91,88.47,88.47,16338312,100.57000000000001,105.32950000000001,18.593135449325047,-5.862863800155367,-4.586439745684533,118.63353769537743,92.0254623046226,1
2025-04-09,82.32,90.91,82.32,88.63,16920135,98.785,103.974,19.04001304016336,-6.375704596543187,-4.944292715856264,118.2479922936796,89.7000077063204,1
2025-04-10,94.78,94.78,94.78,94.78,1009422,97.91,102.9935,34.03035422935886,-6.214247048453373,-5.198283582375686,116.96162983187173,89.02537016812826,1
2025-04-11,98.48,99.74,96.21,99.74,19273397,97.261,102.23549999999999,43.16964874229113,-5.621261823614319,-5.282879230623413,115.1418743553341,89.32912564466588,0
2025-04-14,101.01,101.01,95.96,99.74,9243738,96.798,101.6925,43.16964874229112,-5.092612296192101,-5.244825843737151,114.04756515563662,89.33743484436337,0
2025-04-15,97.72,98.48,95.7,97.64,7787164,96.377,101.1035,40.4200320296429,-4.787914093269379,-5.153443493643596,113.04509331915246,89.16190668084754,0
2025-04-16,96.38,97.56,90.82,90.82,18073930,95.316,100.1735,33.05630454049009,-5.038672890486396,-5.130489373012157,112.27553664678088,88.07146335321913,1
2025-04-17,88.38,93.68,88.3,92.08,8598000,94.255,99.53349999999999,35.39793474161054,-5.07720274140587,-5.1198320466909,111.92267313625197,87.144326863748,1
2025-04-18,93.01,96.8,93.01,93.94,7503525,94.095,98.9695,38.80107244120441,-4.90115401786521,-5.076096440925761,111.29870999091297,86.64029000908702,1
2025-04-21,94.27,94.69,92.59,94.02,4346403,93.98599999999999,98.28349999999999,38.950036074960664,-4.700988732836322,-5.0010748993078735,110.10053054917049,86.46646945082949,0
2025-04-22,93.43,93.6,87.54,92.93,9157581,94.43199999999999,97.501,37.60688458661008,-4.57754312510329,-4.916368544466957,108.53374199825362,86.46825800174639,0
2025-04-23,94.02,94.02,90.65,92.93,5722250,94.862,96.8235,37.60688458661008,-4.4286607472486,-4.818826985023286,107.21290282210818,86.43409717789181,1
2025-04-24,93.85,95.7,93.09,94.27,7752762,94.811,96.3605,40.530749255473786,-4.154651354373868,-4.685991858893402,106.329996426602,86.39100357339801,1
2025-04-25,94.27,94.61,92.76,94.61,5395660,94.298,95.7795,41.282624923564356,-3.8655026693082135,-4.521894020976365,104.67736822784144,86.88163177215856,0
2025-04-28,94.27,94.61,91.92,92.17,3871885,93.541,95.1695,37.60787375467266,-3.789554238908522,-4.375426064562797,103.26456139569247,87.07443860430753,0
2025-04-29,92.25,93.01,91.83,92.08,2963086,92.98499999999999,94.681,37.475365213311754,-3.6940441667844652,-4.239149685007131,102.26774343839507,87.09425656160492,0
2025-05-05,92.17,92.34,89.98,91.41,7187087,93.04400000000001,94.17999999999999,36.445856029950235,-3.6305642622224923,-4.117432600450203,101.221644694248,87.13835530575199,1
2025-05-06,91.41,93.43,91.41,92.34,5700105,93.07000000000001,93.6625,38.952790584644205,-3.465267308366535,-3.98699954203347,99.55373374175828,87.77126625824171,0
2025-05-07,92.25,93.6,91.66,92.34,3939067,92.91,93.50250000000001,38.952790584644205,-3.296270922201714,-3.848853818067119,99.3547675092678,87.65023249073222,1
2025-05-08,92.93,96.46,91.75,96.21,12669001,93.12899999999999,93.55749999999999,48.71573169972936,-2.817584056434967,-3.642599865740689,99.48929863110939,87.62570136889059,1
2025-05-09,96.21,97.98,95.54,97.64,8515499,93.6,94.01599999999999,51.78414915320012,-2.2963611951483642,-3.3733521316222244,99.71706797012902,88.31493202987096,1
2025-05-12,98.48,99.91,98.23,99.58,8737998,94.265,94.5635,55.66007624069294,-1.7070685124292595,-3.0400954077836317,100.19315105490837,88.93384894509164,1
2025-05-13,101.01,101.26,99.83,100.59,8585153,94.89699999999999,94.85400000000001,57.57230366660919,-1.1453483933481294,-2.661146004896531,101.06767652843554,88.64032347156449,1
2025-05-14,101.01,106.31,101.01,106.31,12115033,96.067,95.1825,66.40798420049319,-0.23590558331763134,-2.176097920580751,102.90593932455164,87.45906067544837,0
2025-05-15,106.48,106.81,104.04,105.22,7832064,97.372,95.4565,63.686215907399294,0.39235765056172056,-1.6624068063522568,104.13678403913319,86.77621596086682,0
2025-05-16,104.79,104.96,101.76,101.85,8039229,98.349,95.667,56.03890759156714,0.6112834588653584,-1.2076687533087338,104.74399972458028,86.59000027541973,0
2025-05-19,100.0,101.43,98.14,99.49,9942512,99.157,96.1005,51.3855055679509,0.5875782265235898,-0.8486193573422691,105.03720067754482,87.16379932245518,1
2025-05-20,98.31,100.42,98.31,100.33,7929467,99.956,96.513,52.88515801018292,0.6293182498852019,-0.553031835896775,105.43089459457948,87.59510540542053,0
2025-05-21,101.01,101.01,98.48,99.58,6040245,100.67999999999999,96.795,51.36169861213375,0.5950197696142538,-0.3234215147945692,105.72629217974811,87.86370782025189,0
2025-05-22,98.57,98.99,97.3,98.31,6376715,100.89,97.0095,48.79822840515354,0.4600563475260344,-0.16672594233044852,105.8696839145714,88.14931608542861,1
2025-05-23,98.23,99.15,97.64,98.57,4456672,100.98299999999999,97.2915,49.35551089953095,0.3698137080264132,-0.05941801225907618,105.97155362886828,88.61144637113172,1
2025-05-26,98.23,99.15,96.8,98.73,4039601,100.898,97.58149999999999,49.718198377399844,0.30765991687400174,0.013997573567539397,106.04413853653394,89.11886146346605,1
2025-05-27,98.82,100.5,98.82,100.16,5512819,100.855,97.876,52.96057255628295,0.3695319048101453,0.08510443981606058,106.26681974541398,89.48518025458603,0
2025-05-28,100.33,100.5,98.9,99.66,3948303,100.19,98.1285,51.705108154297015,0.37390987934917064,0.1428655277226826,106.41427159955722,89.84272840044278,0
2025-05-29,100.16,100.16,98.57,98.57,2945136,99.52499999999999,98.4485,48.97923937875367,0.28612726818346346,0.1715178758148388,106.27043396801767,90.62656603198232,0
2025-05-30,99.32,99.49,98.06,98.06,4051804,99.146,98.7475,47.71180437666922,0.17340724783217354,0.17189575021830575,106.00998407915836,91.48501592084165,0
2025-06-02,98.06,98.57,97.3,97.72,2932470,98.96900000000001,99.063,46.84156549041279,0.05599518347908372,0.14871563687046133,105.52743222565049,92.59856777434952,1
2025-06-03,98.23,99.32,97.89,98.82,3410333,98.818,99.387,50.0178956128844,0.05111684037078135,0.12919587757052534,105.07391867359014,93.70008132640986,0
2025-06-04,99.32,99.49,98.06,98.57,2883362,98.717,99.6985,49.29694508455333,0.026769228643530596,0.1087105477851264,104.4053429971721,94.99165700282789,0
2025-06-05,98.57,98.73,98.06,98.31,2311499,98.717,99.80350000000001,48.51376248681034,-0.01335233870567265,0.0842979704869666,104.28255469937889,95.32444530062114,0
2025-06-06,98.31,98.31,96.8,96.8,5400395,98.53999999999999,99.7615,44.12891443292332,-0.16509029217064608,0.03442031795544407,104.33565904839655,95.18734095160345,1
2025-06-09,97.22,98.4,96.8,97.81,3064841,98.44800000000001,99.673,47.544090675696644,-0.20152213272389474,-0.012768172180423691,104.32559970339466,95.02040029660535,0
2025-06-10,98.48,98.82,97.39,97.39,3372461,98.17099999999999,99.513,46.277294987510295,-0.2612733225280124,-0.06246920224994144,104.24782037674379,94.77817962325622,1
2025-06-11,97.72,99.49,97.72,99.24,5756496,98.12899999999999,99.15950000000001,52.305468439030456,-0.15753111143405363,-0.08148158408676388,102.7223273884695,95.59667261153052,1
2025-06-12,99.84,99.92,98.9,99.33,4162497,98.20500000000001,98.865,52.58421293230038,-0.0672768877970924,-0.0786406448288296,101.1025656415016,96.62743435849839,0
2025-06-13,98.48,98.9,97.54,97.97,6182491,98.196,98.671,48.01735957951469,-0.1042882295311216,-0.083770161769288,100.46942041804152,96.87257958195849,1
2025-06-16,97.71,101.7,97.63,101.02,8087673,98.526,98.7475,57.03035359116663,0.11120759366336586,-0.04477461068275723,100.79208186434991,96.7029181356501,0
2025-06-17,101.02,101.28,100.34,100.85,4613155,98.729,98.7735,56.442926413980885,0.2652147760104526,0.017223266655884743,100.90911489974867,96.63788510025132,0
2025-06-18,100.85,101.45,98.82,99.33,6571082,98.80499999999999,98.761,51.349996078442324,0.2615997219973707,0.06609855772418194,100.88045181592518,96.64154818407481,0
2025-06-19,99.33,99.41,98.22,98.48,5416264,98.822,98.7695,48.70345866573227,0.18797995350281838,0.09047483687990923,100.88300396262427,96.65599603737571,1
2025-06-20,98.56,99.24,98.31,98.56,4347313,98.998,98.769,48.97003319652143,0.13454019239168247,0.09928790798226388,100.88269723471187,96.65530276528814,0
2025-06-23,98.05,98.73,97.2,98.39,4602132,99.056,98.752,48.39450024101601,0.07757695855939062,0.09494571809768923,100.87213773138174,96.63186226861825,0
